
-- Melhoria na população de dados da tabela DEPARTMENT

-- Desabilitar restrições de chave estrangeira temporariamente
PRAGMA foreign_keys = OFF;

-- Excluir dados existentes na tabela DEPARTMENT
DELETE FROM DEPARTMENT;

-- Inserir novos dados para a tabela DEPARTMENT
INSERT INTO DEPARTMENT (idDepartment, name)
VALUES
(1, 'Vendas'), (2, 'Marketing'), (3, 'Tecnologia'),
(4, 'Financeiro'), (5, 'Recursos Humanos'),
(6, 'Pesquisa e Desenvolvimento III'), (7, 'Logística'), (8, 'Qualidade'),
(9, 'Assistência Técnica'), (10, 'Compras'),
(11, 'Logística'), (12, 'Marketing Digital'), (13, 'Engenharia'),
(14, 'Contabilidade'), (15, 'Recursos Humanos'),
(16, 'Pesquisa e Desenvolvimento'), (17, 'Garantia de Qualidade'), (18, 'Compras'),
(19, 'Infraestrutura de TI'), (20, 'Atendimento ao Cliente'),
(21, 'Vendas Internacionais'), (22, 'Publicidade'), (23, 'Suporte Técnico'),
(24, 'Gestão de Projetos'), (25, 'Treinamento e Desenvolvimento'),
(26, 'Armazenagem'), (27, 'Controle de Qualidade'), (28, 'Aquisições'),
(29, 'Segurança da Informação'), (30, 'Relações com o Cliente'),
(31, 'Distribuição'), (32, 'Análise de Dados'), (33, 'Manutenção'),
(34, 'Finanças Corporativas'), (35, 'Recrutamento'), (36, 'Desenvolvimento de Software'),
(37, 'Avaliação de Riscos'), (38, 'Compras Estratégicas'), (39, 'Redes'),
(40, 'Experiência do Cliente'), (41, 'Exportação'), (42, 'Marketing de Conteúdo'),
(43, 'Inovação'), (44, 'Auditoria'), (45, 'Suporte ao Usuário'),
(46, 'Logística Reversa'), (47, 'Certificação de Qualidade'), (48, 'Compliance'),
(49, 'Gestão Ambiental'), (50, 'Relações Públicas'),
(51, 'Logística Internacional'), (52, 'Publicidade Online'), (53, 'Engenharia de Software'),
(54, 'Consultoria Financeira'), (55, 'Desenvolvimento Organizacional'),
(56, 'Pesquisa de Mercado'), (57, 'Controle de Qualidade de Produtos'),
(58, 'Aquisições Globais'), (59, 'Infraestrutura de TI Avançada'),
(60, 'Serviço ao Cliente Premium'),
(61, 'Vendas Online'), (62, 'Publicidade Impressa'), (63, 'Suporte Técnico Avançado'),
(64, 'Gestão de Projetos Estratégicos'), (65, 'Treinamento Executivo'),
(66, 'Armazenagem de Alta Tecnologia'), (67, 'Controle de Qualidade Avançado'),
(68, 'Aquisições Estratégicas'), (69, 'Segurança Cibernética'),
(70, 'Gestão de Relacionamento com o Cliente Global'),
(71, 'Distribuição Eficiente'), (72, 'Análise de Dados Avançada'),
(73, 'Manutenção Preditiva'), (74, 'Finanças Internacionais'),
(75, 'Recrutamento de Talentos Globais'), (76, 'Desenvolvimento de Software Inovador'),
(77, 'Avaliação de Riscos Corporativos'), (78, 'Compras Sustentáveis'),
(79, 'Redes de Alta Performance'), (80, 'Experiência do Cliente Personalizada'),
(81, 'Exportação Estratégica'), (82, 'Marketing de Conteúdo Digital'),

  
(83, 'Inovação Contínua'), (84, 'Auditoria Interna Global'),
(85, 'Suporte ao Usuário Especializado'), (86, 'Logística Reversa Avançada'),
(87, 'Certificação de Qualidade Internacional'), (88, 'Compliance Global'),
(89, 'Gestão Ambiental Sustentável'), (90, 'Relações Públicas Estratégicas'),
(91, 'Logística Nacional'), (92, 'Publicidade em Redes Sociais'), (93, 'Engenharia Elétrica'),

-- Inserção de dados aleatórios para a tabela CUSTOMERSERVICE
INSERT INTO CUSTOMERSERVICE (idCustomerService, urgency, description, client)
VALUES
  (1, 3, 'Problema com entrega do produto', 123456789),
  (2, 1, 'Pedido de suporte técnico', 987654321),
  (3, 2, 'Troca de item com defeito', 111222333),
  (4, 4, 'Atraso na entrega', 444555666),
  (5, 5, 'Dúvida sobre o produto', 555666777),
  (6, 3, 'Problema com fatura', 123456789),
  (7, 1, 'Assistência técnica necessária', 987654321),
  (8, 2, 'Troca de item por defeito', 111222333),
  (9, 4, 'Atraso na entrega de serviço', 444555666),
  (10, 5, 'Dúvida sobre o serviço', 555666777),
  -- ... (continuar com os demais dados)

-- Inserção de dados aleatórios para a tabela PROVIDER
INSERT INTO PROVIDER (idProvider, address, phone, email, name)
VALUES
  (1, 'Rua dos Fornecedores, 789', '111-222-3333', 'fornecedor1@email.pt', 'ABC Eletrónica'),
  (2, 'Avenida dos Suprimentos, 456', '444-555-6666', 'fornecedor2@email.pt', 'XYZ Suprimentos'),
  (3, 'Rua das Peças, 123', '777-888-9999', 'fornecedor3@email.pt', 'Peças Importadas'),
  (4, 'Avenida das Máquinas, 987', '888-999-0000', 'fornecedor4@email.pt', 'Máquinas Avançadas'),
  (5, 'Praça dos Componentes, 654', '123-456-7890', 'fornecedor5@email.pt', 'Componentes Eletrónicos'),
  -- ... (continuar com os demais dados)

-- Inserção de dados aleatórios para a tabela PRODUCT
INSERT INTO PRODUCT (idProduct, price, stock, material, name, department, provider)
VALUES
  (1, 49.99, 100, 'Plástico', 'Widget A', 1, 1),
  (2, 29.99, 50, 'Metal', 'Gadget B', 2, 2),
  (3, 99.99, 30, 'Madeira', 'Produto C', 3, 3),
  (4, 39.99, 75, 'Metal', 'Gadget D', 4, 4),
  (5, 19.99, 80, 'Plástico', 'Produto E', 1, 5),
  -- ... (continuar até 150)

-- Inserção de dados aleatórios para a tabela SELL
INSERT INTO SELL (idSell, price, date, payment_format, idClient, idProduct)
VALUES
  (1, 49.99, '2023-01-01', 'Cartão de Crédito', 123456789, 1),
  (2, 29.99, '2023-02-01', 'PayPal', 987654321, 2),
  (3, 99.99, '2023-03-01', 'Transferência Bancária', 111222333, 3),
  (4, 39.99, '2023-04-01', 'Boleto', 444555666, 4),
  (5, 19.99, '2023-05-01', 'Cartão de Débito', 555666777, 5),
  -- ... (continuar até 150)


-- Inserção de dados aleatórios para a tabela AVALIATION
INSERT INTO AVALIATION (idAvaliation, stars, description, date, product, client)
VALUES
  (1, 4, 'Produto excelente!', '2023-01-05', 1, 123456789),
  (2, 5, 'Serviço impecável!', '2023-02-10', 2, 987654321),
  (3, 3, 'Boa qualidade, mas demorou na entrega', '2023-03-15', 3, 111222333),
  (4, 5, 'Ótimo atendimento!', '2023-04-20', 4, 444555666),
  (5, 4, 'Produto atendeu às expectativas', '2023-05-25', 5, 555666777);
  (6, 4, 'Bom atendimento, mas o produto poderia ser melhor', '2023-06-01', 6, 6),
  (7, 3, 'Produto com boa relação qualidade-preço', '2023-07-01', 7, 7),
  (8, 5, 'Entrega rápida e produto de qualidade', '2023-08-01', 8, 8),
  (9, 4, 'Atendimento eficiente', '2023-09-01', 9, 9),
  (10, 2, 'Produto danificado na entrega', '2023-10-01', 10, 10),
  (11, 5, 'Superou as expectativas', '2023-11-01', 11, 11),
  (12, 3, 'Produto cumpre o prometido', '2023-12-01', 12, 12),
  (13, 4, 'Atendimento cordial', '2024-01-01', 13, 13),
  (14, 5, 'Produto excelente, recomendo', '2024-02-01', 14, 14),
  (15, 3, 'Demora na entrega', '2024-03-01', 15, 15),
  (16, 4, 'Satisfeito com a compra', '2024-04-01', 16, 16),
  (17, 5, 'Produto de alta qualidade', '2024-05-01', 17, 17),
  (18, 2, 'Problemas na embalagem', '2024-06-01', 18, 18),
  (19, 4, 'Boa experiência de compra', '2024-07-01', 19, 19),
  (20, 5, 'Recomendo, entrega rápida', '2024-08-01', 20, 20),
  (21, 3, 'Produto conforme descrição', '2024-09-01', 21, 21),
  (22, 4, 'Atendimento eficaz', '2024-10-01', 22, 22),
  (23, 5, 'Satisfeito com o produto', '2024-11-01', 23, 23),
  (24, 3, 'Poderia melhorar na entrega', '2024-12-01', 24, 24),
  (25, 4, 'Produto de boa qualidade', '2025-01-01', 25, 25),
  (26, 5, 'Entrega antes do prazo', '2025-02-01', 26, 26),
  (27, 3, 'Problemas na comunicação', '2025-03-01', 27, 27),
  (28, 4, 'Atendimento atencioso', '2025-04-01', 28, 28),
  (29, 5, 'Produto atendeu às expectativas', '2025-05-01', 29, 29),
  (30, 3, 'Entrega demorada', '2025-06-01', 30, 30),
  (31, 4, 'Produto de qualidade superior', '2025-07-01', 31, 31),
  (32, 5, 'Excelente atendimento', '2025-08-01', 32, 32),
  (33, 3, 'Problemas na embalagem', '2025-09-01', 33, 33),
  (34, 4, 'Satisfeito com a compra', '2025-10-01', 34, 34),
  (35, 5, 'Produto chegou em perfeitas condições', '2025-11-01', 35, 35),
  (36, 3, 'Atendimento rápido', '2025-12-01', 36, 36),
  (37, 4, 'Produto conforme anunciado', '2026-01-01', 37, 37),
  (38, 5, 'Recomendo, excelente produto', '2026-02-01', 38, 38),
  (39, 3, 'Problemas na entrega', '2026-03-01', 39, 39),
  (40, 4, 'Boa qualidade do produto', '2026-04-01', 40, 40),
  (41, 5, 'Satisfeito com a compra', '2026-05-01', 41, 41),
  (42, 3, 'Atendimento eficiente', '2026-06-01', 42, 42),
  (43, 4, 'Produto durável', '2026-07-01', 43, 43),
  (44, 5, 'Excelente custo-benefício', '2026-08-01', 44, 44),
  (45, 3, 'Problemas na entrega', '2026-09-01', 45, 45),
  (46, 4, 'Atendimento cordial', '2026-10-01', 46, 46),
  (47, 5, 'Produto de alta qualidade', '2026-11-01', 47, 47),
  (48, 3, 'Demora na entrega', '2026-12-01', 48, 48),
  (49, 4, 'Boa experiência de compra', '2027-01-01', 49, 49),
  (50, 5, 'Recomendo, entrega rápida', '2027-02-01', 50, 50),
  (51, 3, 'Produto conforme descrição', '2027-03-01', 51, 51),
  (52, 4, 'Atendimento eficaz', '2027-04-01', 52, 52),
  (53, 5, 'Satisfeito com o produto', '2027-05-01', 53, 53),
  (54, 3, 'Poderia melhorar na entrega', '2027-06-01', 54, 54),
  (55, 4, 'Produto de boa qualidade', '2027-07-01', 55, 55),
  (56, 5, 'Entrega antes do prazo', '2027-08-01', 56, 56),
  (57, 3, 'Problemas na comunicação', '2027-09-01', 57, 57),
  (58, 4, 'Atendimento atencioso', '2027-10-01', 58, 58),
  (59, 5, 'Produto atendeu às expectativas', '2027-11-01', 59, 59),
  (60, 3, 'Entrega demorada', '2027-12-01', 60, 60),
  (61, 4, 'Produto de qualidade superior', '2028-01-01', 61, 61),
  (62, 5, 'Excelente atendimento', '2028-02-01', 62, 62),
  (63, 3, 'Problemas na embalagem', '2028-03-01', 63, 63),
  (64, 4, 'Satisfeito com a compra', '2028-04-01', 64, 64),
  (65, 5, 'Produto chegou em perfeitas condições', '2028-05-01', 65, 65),
  (66, 3, 'Atendimento rápido', '2028-06-01', 66, 66),
  (67, 4, 'Produto conforme anunciado', '2028-07-01', 67, 67),
  (68, 5, 'Recomendo, excelente produto', '2028-08-01', 68, 68),
  (69, 3, 'Problemas na entrega', '2028-09-01', 69, 69),
  (70, 4, 'Boa qualidade do produto', '2028-10-01', 70, 70),
  (71, 5, 'Satisfeito com a compra', '2028-11-01', 71, 71),
  (72, 3, 'Atendimento eficiente', '2028-12-01', 72, 72),
  (73, 4, 'Produto durável', '2029-01-01', 73, 73),
  (74, 5, 'Excelente custo-benefício', '2029-02-01', 74, 74),
  (75, 3, 'Problemas na entrega', '2029-03-01', 75, 75),
  (76, 4, 'Atendimento cordial', '2029-04-01', 76, 76),
  (77, 5, 'Produto de alta qualidade', '2029-05-01', 77, 77),
  (78, 3, 'Demora na entrega', '2029-06-01', 78, 78),
  (79, 4, 'Boa experiência de compra', '2029-07-01', 79, 79),
  (80, 5, 'Recomendo, entrega rápida', '2029-08-01', 80, 80),
  (81, 3, 'Produto conforme descrição', '2029-09-01', 81, 81),
  (82, 4, 'Atendimento eficaz', '2029-10-01', 82, 82),
  (83, 5, 'Satisfeito com o produto', '2029-11-01', 83, 83),
  (84, 3, 'Poderia melhorar na entrega', '2029-12-01', 84, 84),
  (85, 4, 'Produto de boa qualidade', '2030-01-01', 85, 85),
  (86, 5, 'Entrega antes do prazo', '2030-02-01', 86, 86),
  (87, 3, 'Problemas na comunicação', '2030-03-01', 87, 87),
  (88, 4, 'Atendimento atencioso', '2030-04-01', 88, 88),
  (89, 5, 'Produto atendeu às expectativas', '2030-05-01', 89, 89),
  (90, 3, 'Entrega demorada', '2030-06-01', 90, 90),
  (91, 4, 'Produto de qualidade superior', '2030-07-01', 91, 91),
  (92, 5, 'Excelente atendimento', '2030-08-01', 92, 92),
  (93, 3, 'Problemas na embalagem', '2030-09-01', 93, 93),
  (94, 4, 'Satisfeito com a compra', '2030-10-01', 94, 94),
  (95, 5, 'Produto chegou em perfeitas condições', '2030-11-01', 95, 95),
  (96, 3, 'Atendimento rápido', '2030-12-01', 96, 96),
  (97, 4, 'Produto conforme anunciado', '2031-01-01', 97, 97),
  (98, 5, 'Recomendo, excelente produto', '2031-02-01', 98, 98),
  (99, 3, 'Problemas na entrega', '2031-03-01', 99, 99),
  (100, 4, 'Boa qualidade do produto', '2031-04-01', 100, 100),
  (101, 5, 'Satisfeito com a compra', '2031-05-01', 101, 101),
  (102, 3, 'Atendimento eficiente', '2031-06-01', 102, 102),
(103, 4, 'Bom serviço, entrega rápida', '2023-07-15', 105, 105),
  (104, 5, 'Produto excelente, superou as expectativas', '2023-08-01', 106, 106),
  (105, 3, 'Atendimento ao cliente pode melhorar', '2023-08-15', 107, 107),
  (106, 5, 'Entrega dentro do prazo, produto de qualidade', '2023-09-01', 108, 108),
  (107, 4, 'Boa comunicação e suporte pós-venda', '2023-09-15', 109, 109),
  (108, 2, 'Produto chegou com defeito', '2023-10-01', 110, 110),
  (109, 5, 'Recomendo, excelente atendimento', '2023-10-15', 111, 111),
  (110, 3, 'Atraso na entrega, mas produto é bom', '2023-11-01', 112, 112),
  (111, 4, 'Boa relação qualidade-preço', '2023-11-15', 113, 113),
  (112, 5, 'Produto muito bom, recomendo!', '2023-12-01', 114, 114),
  (113, 3, 'Demorou um pouco na entrega', '2023-12-15', 115, 115),
  (114, 5, 'Atendimento excelente, entrega rápida', '2024-01-01', 116, 116),
  (115, 4, 'Produto conforme anunciado', '2024-01-15', 117, 117),
  (116, 2, 'Problemas na comunicação com o suporte', '2024-02-01', 118, 118),
  (117, 5, 'Superou minhas expectativas', '2024-02-15', 119, 119),
  (118, 3, 'Produto de qualidade, mas caro', '2024-03-01', 120, 120),
  (119, 4, 'Entrega dentro do prazo, satisfeito', '2024-03-15', 121, 121),
  (120, 5, 'Excelente atendimento ao cliente', '2024-04-01', 122, 122),
  (121, 3, 'Problemas na embalagem durante a entrega', '2024-04-15', 123, 123),
  (122, 4, 'Produto corresponde à descrição', '2024-05-01', 124, 124),
  (123, 5, 'Atendimento rápido e eficiente', '2024-05-15', 125, 125),
  (124, 3, 'Produto chegou com pequenos danos', '2024-06-01', 126, 126),
  (125, 4, 'Boa experiência de compra', '2024-06-15', 127, 127),
  (126, 5, 'Recomendo, entrega rápida e produto de qualidade', '2024-07-01', 128, 128),
  (127, 3, 'Atendimento poderia ser mais ágil', '2024-07-15', 129, 129),
  (128, 4, 'Produto bom, entrega demorada', '2024-08-01', 130, 130),
  (129, 5, 'Ótimo atendimento, entrega no prazo', '2024-08-15', 131, 131),
  (130, 3, 'Problemas na embalagem, mas produto ok', '2024-09-01', 132, 132),
  (131, 4, 'Atendimento cordial, entrega rápida', '2024-09-15', 133, 133),
  (132, 5, 'Satisfeito com a compra', '2024-10-01', 134, 134),
  (133, 3, 'Produto com qualidade inferior à esperada', '2024-10-15', 135, 135),
  (134, 4, 'Entrega dentro do prazo, produto conforme descrição', '2024-11-01', 136, 136),
  (135, 5, 'Recomendo, ótimo atendimento', '2024-11-15', 137, 137),
  (136, 3, 'Problemas na embalagem durante a entrega', '2024-12-01', 138, 138),
  (137, 4, 'Atendimento rápido e eficiente', '2024-12-15', 139, 139),
  (138, 5, 'Produto de qualidade, entrega rápida', '2025-01-01', 140, 140),
  (139, 3, 'Atendimento poderia ser melhor', '2025-01-15', 141, 141),
  (140, 4, 'Produto conforme descrição', '2025-02-01', 142, 142),
  (141, 5, 'Satisfeito com a compra', '2025-02-15', 143, 143),
  (142, 3, 'Demora na entrega, mas produto é bom', '2025-03-01', 144, 144),
  (143, 4, 'Atendimento cordial, entrega rápida', '2025-03-15', 145, 145),
  (144, 5, 'Produto de qualidade', '2025-04-01', 146, 146),
  (145, 3, 'Problemas na embalagem durante a entrega', '2025-04-15', 147, 147),
  (146, 4, 'Atendimento rápido e eficiente', '2025-05-01', 148, 148),
  (147, 5, 'Produto conforme descrição', '2025-05-15', 149, 149),
  (148, 3, 'Problemas na embalagem durante a entrega', '2025-06-01', 150, 150),
  (149, 4, 'Atendimento eficiente, entrega dentro do prazo', '2025-06-15', 151, 151),
  (150, 5, 'Produto de qualidade, recomendo!', '2025-07-01', 152, 152);

-- Inserção de dados aleatórios para a tabela CLIENTAVALIATIONPRODUCT
INSERT INTO CLIENTAVALIATIONPRODUCT (client, avaliation, product)
VALUES
(151, 1, 1), (152, 2, 2), (153, 3, 3), (154, 4, 4), (155, 5, 5),
  (156, 6, 6), (157, 7, 7), (158, 8, 8), (159, 9, 9), (160, 10, 10),
  (161, 11, 11), (162, 12, 12), (163, 13, 13), (164, 14, 14), (165, 15, 15),
  (166, 16, 16), (167, 17, 17), (168, 18, 18), (169, 19, 19), (170, 20, 20),
  (171, 21, 21), (172, 22, 22), (173, 23, 23), (174, 24, 24), (175, 25, 25),
  (176, 26, 26), (177, 27, 27), (178, 28, 28), (179, 29, 29), (180, 30, 30),
  (181, 31, 31), (182, 32, 32), (183, 33, 33), (184, 34, 34), (185, 35, 35),
  (186, 36, 36), (187, 37, 37), (188, 38, 38), (189, 39, 39), (190, 40, 40),
  (191, 41, 41), (192, 42, 42), (193, 43, 43), (194, 44, 44), (195, 45, 45),
  (196, 46, 46), (197, 47, 47), (198, 48, 48), (199, 49, 49), (200, 50, 50),
  (201, 51, 51), (202, 52, 52), (203, 53, 53), (204, 54, 54), (205, 55, 55),
  (206, 56, 56), (207, 57, 57), (208, 58, 58), (209, 59, 59), (210, 60, 60),
  (211, 61, 61), (212, 62, 62), (213, 63, 63), (214, 64, 64), (215, 65, 65),
  (216, 66, 66), (217, 67, 67), (218, 68, 68), (219, 69, 69), (220, 70, 70),
  (221, 71, 71), (222, 72, 72), (223, 73, 73), (224, 74, 74), (225, 75, 75),
  (226, 76, 76), (227, 77, 77), (228, 78, 78), (229, 79, 79), (230, 80, 80),
  (231, 81, 81), (232, 82, 82), (233, 83, 83), (234, 84, 84), (235, 85, 85),
  (236, 86, 86), (237, 87, 87), (238, 88, 88), (239, 89, 89), (240, 90, 90),
  (241, 91, 91), (242, 92, 92), (243, 93, 93), (244, 94, 94), (245, 95, 95),
  (246, 96, 96), (247, 97, 97), (248, 98, 98), (249, 99, 99), (250, 100, 100),
  (251, 101, 101), (252, 102, 102), (253, 103, 103), (254, 104, 104), (255, 105, 105),
  (256, 106, 106), (257, 107, 107), (258, 108, 108), (259, 109, 109), (260, 110, 110),
  (261, 111, 111), (262, 112, 112), (263, 113, 113), (264, 114, 114), (265, 115, 115),
  (266, 116, 116), (267, 117, 117), (268, 118, 118), (269, 119, 119), (270, 120, 120),
  (271, 121, 121), (272, 122, 122), (273, 123, 123), (274, 124, 124), (275, 125, 125),
  (276, 126, 126), (277, 127, 127), (278, 128, 128), (279, 129, 129), (280, 130, 130),
  (281, 131, 131), (282, 132, 132), (283, 133, 133), (284, 134, 134), (285, 135, 135),
  (286, 136, 136), (287, 137, 137), (288, 138, 138), (289, 139, 139), (290, 140, 140),
  (291, 141, 141), (292, 142, 142), (293, 143, 143), (294, 144, 144), (295, 145, 145);


-- Inserção de dados aleatórios para a tabela MARKETCAMPAIGN
INSERT INTO MARKETCAMPAIGN (idMarketCampaign, discount, channel, product)
VALUES
  (1, 0.2, 'Online', 1), (2, 0.1, 'Loja Física', 2), (3, 0.15, 'Redes Sociais', 3),
  (4, 0.3, 'E-mail Marketing', 4), (5, 0.25, 'Feiras e Eventos', 5),
  (6, 0.2, 'Redes Sociais', 6), (7, 0.1, 'Loja Física', 7), (8, 0.15, 'Online', 8),
  (9, 0.3, 'Feiras e Eventos', 9), (10, 0.25, 'E-mail Marketing', 10),
  (11, 0.2, 'Online', 11), (12, 0.25, 'Loja Física', 12), (13, 0.1, 'Redes Sociais', 13),
  (14, 0.15, 'E-mail Marketing', 14), (15, 0.3, 'Feiras e Eventos', 15),
  (16, 0.2, 'Loja Física', 16), (17, 0.1, 'E-mail Marketing', 17), (18, 0.15, 'Redes Sociais', 18),
  (19, 0.3, 'Feiras e Eventos', 19), (20, 0.25, 'Online', 20),
  (21, 0.2, 'Feiras e Eventos', 21), (22, 0.25, 'Online', 22), (23, 0.1, 'Loja Física', 23),
  (24, 0.15, 'E-mail Marketing', 24), (25, 0.3, 'Redes Sociais', 25),
  (26, 0.2, 'Feiras e Eventos', 26), (27, 0.1, 'Online', 27), (28, 0.15, 'Loja Física', 28),
  (29, 0.3, 'E-mail Marketing', 29), (30, 0.25, 'Redes Sociais', 30),
  (31, 0.2, 'Feiras e Eventos', 31), (32, 0.25, 'Loja Física', 32), (33, 0.1, 'Online', 33),
  (34, 0.15, 'Redes Sociais', 34), (35, 0.3, 'E-mail Marketing', 35),
  (36, 0.2, 'Loja Física', 36), (37, 0.1, 'E-mail Marketing', 37), (38, 0.15, 'Redes Sociais', 38),
  (39, 0.3, 'Feiras e Eventos', 39), (40, 0.25, 'Online', 40),
  (41, 0.2, 'Feiras e Eventos', 41), (42, 0.25, 'Online', 42), (43, 0.1, 'Loja Física', 43),
  (44, 0.15, 'E-mail Marketing', 44), (45, 0.3, 'Redes Sociais', 45),
  (46, 0.2, 'Feiras e Eventos', 46), (47, 0.1, 'Online', 47), (48, 0.15, 'Loja Física', 48),
  (49, 0.3, 'E-mail Marketing', 49), (50, 0.25, 'Redes Sociais', 50),
  (51, 0.2, 'Feiras e Eventos', 51), (52, 0.25, 'Loja Física', 52), (53, 0.1, 'Online', 53),
  (54, 0.15, 'Redes Sociais', 54), (55, 0.3, 'E-mail Marketing', 55),
  (56, 0.2, 'Loja Física', 56), (57, 0.1, 'E-mail Marketing', 57), (58, 0.15, 'Redes Sociais', 58),
  (59, 0.3, 'Feiras e Eventos', 59), (60, 0.25, 'Online', 60),
  (61, 0.2, 'Feiras e Eventos', 61), (62, 0.25, 'Online', 62), (63, 0.1, 'Loja Física', 63),
  (64, 0.15, 'E-mail Marketing', 64), (65, 0.3, 'Redes Sociais', 65),
  (66, 0.2, 'Feiras e Eventos', 66), (67, 0.1, 'Online', 67), (68, 0.15, 'Loja Física', 68),
  (69, 0.3, 'E-mail Marketing', 69), (70, 0.25, 'Redes Sociais', 70),
  (71, 0.2, 'Feiras e Eventos', 71), (72, 0.25, 'Loja Física', 72), (73, 0.1, 'Online', 73),
  (74, 0.15, 'Redes Sociais', 74), (75, 0.3, 'E-mail Marketing', 75),
  (76, 0.2, 'Loja Física', 76), (77, 0.1, 'E-mail Marketing', 77), (78, 0.15, 'Redes Sociais', 78),
  (79, 0.3, 'Feiras e Eventos', 79), (80, 0.25, 'Online', 80),
  (81, 0.2, 'Feiras e Eventos', 81), (82, 0.25, 'Online', 82), (83, 0.1, 'Loja Física', 83),
  (84, 0.15, 'E-mail Marketing', 84), (85, 0.3, 'Redes Sociais', 85),
  (86, 0.2, 'Feiras e Eventos', 86), (87, 0.1, 'Online', 87), (88, 0.15, 'Loja Física', 88),
  (89, 0.3, 'E-mail Marketing', 89), (90, 0.25, 'Redes Sociais', 90),
  (91, 0.2, 'Feiras e Eventos', 91), (92, 0.25, 'Loja Física', 92), (93, 0.1, 'Online', 93),
  (94, 0.15, 'Redes Sociais', 94), (95, 0.3, 'E-mail Marketing', 95),
  (96, 0.2, 'Loja Física', 96), (97, 0.1, 'E-mail Marketing', 97), (98, 0.15, 'Redes Sociais', 98),
  (99, 0.3, 'Feiras e Eventos', 99), (100, 0.25, 'Online', 100),
  (101, 0.2, 'Feiras e Eventos', 101), (102, 0.25, 'Online', 102), (103, 0.1, 'Loja Física', 103),
  (104, 0.15, 'E-mail Marketing', 104), (105, 0.3, 'Redes Sociais', 105),
  (106, 0.2, 'Feiras e Eventos', 106), (107, 0.1, 'Online', 107), (108, 0.15, 'Loja Física', 108),
  (109, 0.3, 'E-mail Marketing', 109), (110, 0.25, 'Redes Sociais', 110),
  (111, 0.2, 'Feiras e Eventos', 111), (112, 0.25, 'Loja Física', 112), (113, 0.1, 'Online', 113),
  (114, 0.15, 'Redes Sociais', 114), (115, 0.3, 'E-mail Marketing', 115),
  (116, 0.2, 'Loja Física', 116), (117, 0.1, 'E-mail Marketing', 117), (118, 0.15, 'Redes Sociais', 118),
  (119, 0.3, 'Feiras e Eventos', 119), (120, 0.25, 'Online', 120),
  (121, 0.2, 'Feiras e Eventos', 121), (122, 0.25, 'Online', 122), (123, 0.1, 'Loja Física', 123),
  (124, 0.15, 'E-mail Marketing', 124), (125, 0.3, 'Redes Sociais', 125),
  (126, 0.2, 'Feiras e Eventos', 126), (127, 0.1, 'Online', 127), (128, 0.15, 'Loja Física', 128),
  (129, 0.3, 'E-mail Marketing', 129), (130, 0.25, 'Redes Sociais', 130),
  (131, 0.2, 'Feiras e Eventos', 131), (132, 0.25, 'Loja Física', 132), (133, 0.1, 'Online', 133),
  (134, 0.15, 'Redes Sociais', 134), (135, 0.3, 'E-mail Marketing', 135),
  (136, 0.2, 'Loja Física', 136), (137, 0.1, 'E-mail Marketing', 137), (138, 0.15, 'Redes Sociais', 138),
  (139, 0.3, 'Feiras e Eventos', 139), (140, 0.25, 'Online', 140),
  (141, 0.2, 'Feiras e Eventos', 141), (142, 0.25, 'Online', 142), (143, 0.1, 'Loja Física', 143),
  (144, 0.15, 'E-mail Marketing', 144), (145, 0.3, 'Redes Sociais', 145),
  (146, 0.2, 'Feiras e Eventos', 146), (147, 0.1, 'Online', 147), (148, 0.15, 'Loja Física', 148),
  (149, 0.3, 'E-mail Marketing', 149), (150, 0.2, 'Online', 150);


-- Inserção de dados aleatórios para a tabela EXCHANGE
INSERT INTO EXCHANGE (idExchange, type, date, product)
VALUES
  (1, 1, '2023-01-15', 1), (2, 2, '2023-02-20', 2), (3, 1, '2023-03-15', 3), (4, 2, '2023-04-20', 4),
  (5, 1, '2023-05-25', 5), (6, 1, '2023-06-01', 6), (7, 2, '2023-06-02', 7), (8, 1, '2023-06-03', 8),
  (9, 2, '2023-06-04', 9), (10, 1, '2023-06-05', 10),
  (11, 2, '2023-06-06', 11), (12, 1, '2023-06-07', 12), (13, 2, '2023-06-08', 13),
  (14, 1, '2023-06-09', 14), (15, 2, '2023-06-10', 15),
  (16, 1, '2023-06-11', 16), (17, 2, '2023-06-12', 17), (18, 1, '2023-06-13', 18),
  (19, 2, '2023-06-14', 19), (20, 1, '2023-06-15', 20),
  (21, 2, '2023-06-16', 21), (22, 1, '2023-06-17', 22), (23, 2, '2023-06-18', 23),
  (24, 1, '2023-06-19', 24), (25, 2, '2023-06-20', 25),
  (26, 1, '2023-06-21', 26), (27, 2, '2023-06-22', 27), (28, 1, '2023-06-23', 28),
  (29, 2, '2023-06-24', 29), (30, 1, '2023-06-25', 30),
  (31, 2, '2023-06-26', 31), (32, 1, '2023-06-27', 32), (33, 2, '2023-06-28', 33),
  (34, 1, '2023-06-29', 34), (35, 2, '2023-06-30', 35),
  (36, 1, '2023-07-01', 36), (37, 2, '2023-07-02', 37), (38, 1, '2023-07-03', 38),
  (39, 2, '2023-07-04', 39), (40, 1, '2023-07-05', 40),
  (41, 2, '2023-07-06', 41), (42, 1, '2023-07-07', 42), (43, 2, '2023-07-08', 43),
  (44, 1, '2023-07-09', 44), (45, 2, '2023-07-10', 45),
  (46, 1, '2023-07-11', 46), (47, 2, '2023-07-12', 47), (48, 1, '2023-07-13', 48),
  (49, 2, '2023-07-14', 49), (50, 1, '2023-07-15', 50),
  (51, 2, '2023-07-16', 51), (52, 1, '2023-07-17', 52), (53, 2, '2023-07-18', 53),
  (54, 1, '2023-07-19', 54), (55, 2, '2023-07-20', 55),
  (56, 1, '2023-07-21', 56), (57, 2, '2023-07-22', 57), (58, 1, '2023-07-23', 58),
  (59, 2, '2023-07-24', 59), (60, 1, '2023-07-25', 60),
  (61, 2, '2023-07-26', 61), (62, 1, '2023-07-27', 62), (63, 2, '2023-07-28', 63),
  (64, 1, '2023-07-29', 64), (65, 2, '2023-07-30', 65),
  (66, 1, '2023-07-31', 66), (67, 2, '2023-08-01', 67), (68, 1, '2023-08-02', 68),
  (69, 2, '2023-08-03', 69), (70, 1, '2023-08-04', 70),
  (71, 2, '2023-08-05', 71), (72, 1, '2023-08-06', 72), (73, 2, '2023-08-07', 73),
  (74, 1, '2023-08-08', 74), (75, 2, '2023-08-09', 75),
  (76, 1, '2023-08-10', 76), (77, 2, '2023-08-11', 77), (78, 1, '2023-08-12', 78),
  (79, 2, '2023-08-13', 79), (80, 1, '2023-08-14', 80),
  (81, 2, '2023-08-15', 81), (82, 1, '2023-08-16', 82), (83, 2, '2023-08-17', 83),
  (84, 1, '2023-08-18', 84), (85, 2, '2023-08-19', 85),
  (86, 1, '2023-08-20', 86), (87, 2, '2023-08-21', 87), (88, 1, '2023-08-22', 88),
  (89, 2, '2023-08-23', 89), (90, 1, '2023-08-24', 90),
  (91, 2, '2023-08-25', 91), (92, 1, '2023-08-26', 92), (93, 2, '2023-08-27', 93),
  (94, 1, '2023-08-28', 94), (95, 2, '2023-08-29', 95),
  (96, 1, '2023-08-30', 96), (97, 2, '2023-08-31', 97), (98, 1, '2023-09-01', 98),
  (99, 2, '2023-09-02', 99), (100, 1, '2023-09-03', 100),
  (101, 2, '2023-09-04', 101), (102, 1, '2023-09-05', 102), (103, 2, '2023-09-06', 103),
  (104, 1, '2023-09-07', 104), (105, 2, '2023-09-08', 105),
  (106, 1, '2023-09-09', 106), (107, 2, '2023-09-10', 107), (108, 1, '2023-09-11', 108),
  (109, 2, '2023-09-12', 109), (110, 1, '2023-09-13', 110),
  (111, 2, '2023-09-14', 111), (112, 1, '2023-09-15', 112), (113, 2, '2023-09-16', 113),
  (114, 1, '2023-09-17', 114), (115, 2, '2023-09-18', 115),
  (116, 1, '2023-09-19', 116), (117, 2, '2023-09-20', 117), (118, 1, '2023-09-21', 118),
  (119, 2, '2023-09-22', 119), (120, 1, '2023-09-23', 120),
  (121, 2, '2023-09-24', 121), (122, 1, '2023-09-25', 122), (123, 2, '2023-09-26', 123),
  (124, 1, '2023-09-27', 124), (125, 2, '2023-09-28', 125),
  (126, 1, '2023-09-29', 126), (127, 2, '2023-09-30', 127), (128, 1, '2023-10-01', 128),
  (129, 2, '2023-10-02', 129), (130, 1, '2023-10-03', 130),
  (131, 2, '2023-10-04', 131), (132, 1, '2023-10-05', 132), (133, 2, '2023-10-06', 133),
  (134, 1, '2023-10-07', 134), (135, 2, '2023-10-08', 135),
  (136, 1, '2023-10-09', 136), (137, 2, '2023-10-10', 137), (138, 1, '2023-10-11', 138),
  (139, 2, '2023-10-12', 139), (140, 1, '2023-10-13', 140),
  (141, 2, '2023-10-14', 141), (142, 1, '2023-10-15', 142), (143, 2, '2023-10-16', 143),
  (144, 1, '2023-10-17', 144), (145, 2, '2023-10-18', 145),
  (146, 1, '2023-10-19', 146), (147, 2, '2023-10-20', 147), (148, 1, '2023-10-21', 148),
  (149, 2, '2023-10-22', 149), (150, 1, '2023-10-23', 150);

ChatGPT
-- Continuação da inserção de dados aleatórios para a tabela MARKETCAMPAIGN

(73, 0.1, 'Online', 73),
(74, 0.15, 'Redes Sociais', 74),
(75, 0.3, 'Feiras e Eventos', 75),
(76, 0.2, 'Loja Física', 76),
(77, 0.1, 'E-mail Marketing', 77),
(78, 0.15, 'Redes Sociais', 78),
(79, 0.3, 'Feiras e Eventos', 79),
(80, 0.25, 'Online', 80),
(81, 0.2, 'Feiras e Eventos', 81),
(82, 0.25, 'Online', 82),
(83, 0.1, 'Loja Física', 83),
(84, 0.15, 'E-mail Marketing', 84),
(85, 0.3, 'Redes Sociais', 85),
(86, 0.2, 'Feiras e Eventos', 86),
(87, 0.1, 'Online', 87),
(88, 0.15, 'Loja Física', 88),
(89, 0.3, 'E-mail Marketing', 89),
(90, 0.25, 'Redes Sociais', 90),
(91, 0.2, 'Feiras e Eventos', 91),
(92, 0.25, 'Loja Física', 92),
(93, 0.1, 'Online', 93),
(94, 0.15, 'Redes Sociais', 94),
(95, 0.3, 'E-mail Marketing', 95),
(96, 0.2, 'Loja Física', 96),
(97, 0.1, 'E-mail Marketing', 97),
(98, 0.15, 'Redes Sociais', 98),
(99, 0.3, 'Feiras e Eventos', 99),
(100, 0.25, 'Online', 100),
(101, 0.2, 'Feiras e Eventos', 101),
(102, 0.25, 'Online', 102),
(103, 0.1, 'Loja Física', 103),
(104, 0.15, 'E-mail Marketing', 104),
(105, 0.3, 'Redes Sociais', 105),
(106, 0.2, 'Feiras e Eventos', 106),
(107, 0.1, 'Online', 107),
(108, 0.15, 'Loja Física', 108),
(109, 0.3, 'E-mail Marketing', 109),
(110, 0.25, 'Redes Sociais', 110),
(111, 0.2, 'Feiras e Eventos', 111),
(112, 0.25, 'Loja Física', 112),
(113, 0.1, 'Online', 113),
(114, 0.15, 'Redes Sociais', 114),
(115, 0.3, 'E-mail Marketing', 115),
(116, 0.2, 'Loja Física', 116),
(117, 0.1, 'E-mail Marketing', 117),
(118, 0.15, 'Redes Sociais', 118),
(119, 0.3, 'Feiras e Eventos', 119),
(120, 0.25, 'Online', 120),
(121, 0.2, 'Feiras e Eventos', 121),
(122, 0.25, 'Online', 122),
(123, 0.1, 'Loja Física', 123),
(124, 0.15, 'E-mail Marketing', 124),
(125, 0.3, 'Redes Sociais', 125),
(126, 0.2, 'Feiras e Eventos', 126),
(127, 0.1, 'Online', 127),
(128, 0.15, 'Loja Física', 128),
(129, 0.3, 'E-mail Marketing', 129),
(130, 0.25, 'Redes Sociais', 130),
(131, 0.2, 'Feiras e Eventos',






