-- Enable foreign key constraints
PRAGMA foreign_keys = ON;

--Popular dados na Base de Dados
-- Inserção de dados aleatórios para a tabela DEPARTMENT
INSERT INTO DEPARTMENT (idDepartment, name)
VALUES
  (1, 'Vendas'), (2, 'Marketing'), (3, 'Tecnologia'),
  (4, 'Financeiro'), (5, 'Recursos Humanos'),
  (6, 'Pesquisa e Desenvolvimento III'), (7, 'Logística'), (8, 'Qualidade'),
  (9, 'Assistência Técnica'), (10, 'Compras'),
  (11, 'Logística'), (12, 'Marketing Digital'), (13, 'Engenharia'),
  (14, 'Contabilidade'), (15, 'Recursos Humanos'),
  (16, 'Pesquisa e Desenvolvimento'), (17, 'Garantia de Qualidade'), (18, 'Compras'),
  (19, 'Infraestrutura de TI'), (20, 'Atendimento ao Cliente'),
  (21, 'Vendas Internacionais'), (22, 'Publicidade'), (23, 'Suporte Técnico'),
  (24, 'Gestão de Projetos'), (25, 'Treinamento e Desenvolvimento'),
  (26, 'Armazenagem'), (27, 'Controle de Qualidade'), (28, 'Aquisições'),
  (29, 'Segurança da Informação'), (30, 'Relações com o Cliente'),
  (31, 'Distribuição'), (32, 'Análise de Dados'), (33, 'Manutenção'),
  (34, 'Finanças Corporativas'), (35, 'Recrutamento'), (36, 'Desenvolvimento de Software'),
  (37, 'Avaliação de Riscos'), (38, 'Compras Estratégicas'), (39, 'Redes'),
  (40, 'Experiência do Cliente'), (41, 'Exportação'), (42, 'Marketing de Conteúdo'),
  (43, 'Inovação'), (44, 'Auditoria'), (45, 'Suporte ao Usuário'),
  (46, 'Logística Reversa'), (47, 'Certificação de Qualidade'), (48, 'Compliance'),
  (49, 'Gestão Ambiental'), (50, 'Relações Públicas'),
(51, 'Logística Internacional'), (52, 'Publicidade Online'), (53, 'Engenharia de Software'),
  (54, 'Consultoria Financeira'), (55, 'Desenvolvimento Organizacional'),
  (56, 'Pesquisa de Mercado'), (57, 'Controle de Qualidade de Produtos'),
  (58, 'Aquisições Globais'), (59, 'Infraestrutura de TI Avançada'),
  (60, 'Serviço ao Cliente Premium'),
  (61, 'Vendas Online'), (62, 'Publicidade Impressa'), (63, 'Suporte Técnico Avançado'),
  (64, 'Gestão de Projetos Estratégicos'), (65, 'Treinamento Executivo'),
  (66, 'Armazenagem de Alta Tecnologia'), (67, 'Controle de Qualidade Avançado'),
  (68, 'Aquisições Estratégicas'), (69, 'Segurança Cibernética'),
  (70, 'Gestão de Relacionamento com o Cliente Global'),
  (71, 'Distribuição Eficiente'), (72, 'Análise de Dados Avançada'),
  (73, 'Manutenção Preditiva'), (74, 'Finanças Internacionais'),
  (75, 'Recrutamento de Talentos Globais'), (76, 'Desenvolvimento de Software Inovador'),
  (77, 'Avaliação de Riscos Corporativos'), (78, 'Compras Sustentáveis'),
  (79, 'Redes de Alta Performance'), (80, 'Experiência do Cliente Personalizada'),
  (81, 'Exportação Estratégica'), (82, 'Marketing de Conteúdo Digital'),
  (83, 'Inovação Contínua'), (84, 'Auditoria Interna Global'),
  (85, 'Suporte ao Usuário Especializado'), (86, 'Logística Reversa Avançada'),
  (87, 'Certificação de Qualidade Internacional'), (88, 'Compliance Global'),
  (89, 'Gestão Ambiental Sustentável'), (90, 'Relações Públicas Estratégicas'),
(91, 'Logística Nacional'), (92, 'Publicidade em Redes Sociais'), (93, 'Engenharia Elétrica'),
  (94, 'Consultoria Tributária'), (95, 'Desenvolvimento de Liderança'),
  (96, 'Pesquisa Científica'), (97, 'Controle de Qualidade de Alimentos'),
  (98, 'Aquisições Locais'), (99, 'Infraestrutura de TI Básica'),
  (100, 'Serviço ao Cliente Standard'),
  (101, 'Vendas Local'), (102, 'Publicidade Local'), (103, 'Suporte Técnico Básico'),
  (104, 'Gestão de Projetos Locais'), (105, 'Treinamento Padrão'),
  (106, 'Armazenagem Básica'), (107, 'Controle de Qualidade Básico'),
  (108, 'Aquisições Locais'), (109, 'Segurança Física'),
  (110, 'Gestão de Relacionamento com o Cliente Local'),
  (111, 'Distribuição Local'), (112, 'Análise de Dados Básica'),
  (113, 'Manutenção Corretiva'), (114, 'Finanças Locais'),
  (115, 'Recrutamento Local'), (116, 'Desenvolvimento de Software Padrão'),
  (117, 'Avaliação de Riscos Locais'), (118, 'Compras Locais'),
  (119, 'Redes Básicas'), (120, 'Experiência do Cliente Padrão'),
  (121, 'Exportação Local'), (122, 'Marketing de Conteúdo Local'),
  (123, 'Inovação Básica'), (124, 'Auditoria Local'),
  (125, 'Suporte ao Usuário Básico'), (126, 'Logística Reversa Básica'),
  (127, 'Certificação de Qualidade Local'), (128, 'Compliance Local'),
  (129, 'Gestão Ambiental Básica'), (130, 'Relações Públicas Locais'),
(131, 'Logística Rural'), (132, 'Publicidade em Meios Impressos Locais'), (133, 'Engenharia Mecânica'),
  (134, 'Consultoria Empresarial'), (135, 'Desenvolvimento de Competências'),
  (136, 'Pesquisa de Ciências Sociais'), (137, 'Controle de Qualidade de Produtos de Beleza'),
  (138, 'Aquisições Rurais'), (139, 'Infraestrutura de TI Rural'),
  (140, 'Serviço ao Cliente Rural'),
  (141, 'Vendas Rurais'), (142, 'Publicidade em Comércios Locais'), (143, 'Suporte Técnico Rural'),
  (144, 'Gestão de Projetos Rurais'), (145, 'Treinamento para Agricultores'),
  (146, 'Armazenagem Rural'), (147, 'Controle de Qualidade Agrícola'),
  (148, 'Aquisições Agrícolas'), (149, 'Segurança Rural'),
  (150, 'Gestão de Relacionamento com o Cliente Rural');  
-- Inserção de dados aleatórios para a tabela CLIENT
INSERT INTO CLIENT (NIF, name, email, phone, address)
VALUES
  (123456789, 'Maria Silva', 'maria.silva@email.pt', '912345678', 'Rua Principal, 123'),
  (987654321, 'João Santos', 'joao.santos@email.pt', '933333333', 'Avenida Central, 456'),
  (111222333, 'Ana Costa', 'ana.costa@email.pt', '945678321', 'Rua Secundária, 789'),
  (444555666, 'Rui Oliveira', 'rui.oliveira@email.pt', '968765432', 'Avenida Alternativa, 101'),
  (555666777, 'Carla Pereira', 'carla.pereira@email.pt', '922345678', 'Rua Nova, 55'),
  (666666666, 'António Oliveira', 'antonio.oliveira@email.pt', '911111111', 'Rua dos Oliveiras, 666'),
  (777777777, 'Beatriz Sousa', 'beatriz.sousa@email.pt', '922222222', 'Avenida Principal, 777'),
  (888888888, 'Carlos Pereira', 'carlos.pereira@email.pt', '933333333', 'Rua Alternativa, 888'),
  (999999999, 'Diana Santos', 'diana.santos@email.pt', '944444444', 'Avenida dos Lilases, 999'),
  (101010101, 'Eduardo Costa', 'eduardo.costa@email.pt', '955555555', 'Rua Nova, 1010'),
(112233445, 'José Sousa', 'jose.sousa@email.pt', '912345678', 'Rua Principal, 123'),
  (223344556, 'Inês Pereira', 'ines.pereira@email.pt', '933333333', 'Avenida Central, 456'),
  (334455667, 'Ricardo Almeida', 'ricardo.almeida@email.pt', '945678321', 'Rua Secundária, 789'),
  (445566778, 'Marta Martins', 'marta.martins@email.pt', '968765432', 'Avenida Alternativa, 101'),
  (556677889, 'Hugo Oliveira', 'hugo.oliveira@email.pt', '922345678', 'Rua Nova, 55'),
  (667788990, 'Carolina Silva', 'carolina.silva@email.pt', '911112233', 'Rua do Comércio, 10'),
  (778899001, 'Joaquim Santos', 'joaquim.santos@email.pt', '933334444', 'Avenida dos Desportos, 20'),
  (889900112, 'Sofia Costa', 'sofia.costa@email.pt', '965556677', 'Rua dos Artistas, 30'),
  (990011223, 'Gustavo Lima', 'gustavo.lima@email.pt', '918889900', 'Avenida das Letras, 40'),
  (100011122, 'Filipa Ribeiro', 'filipa.ribeiro@email.pt', '932223344', 'Rua dos Cientistas, 50'),
  (111122233, 'Artur Gonçalves', 'artur.goncalves@email.pt', '963334455', 'Avenida da História, 60'),
  (122233344, 'Patrícia Fernandes', 'patricia.fernandes@email.pt', '977775556', 'Rua do Progresso, 70'),
  (133344455, 'Leonardo Alves', 'leonardo.alves@email.pt', '987786667', 'Avenida do Futuro, 80'),
  (144455566, 'Catarina Santos', 'catarina.santos@email.pt', '912228889', 'Rua dos Sonhos, 90'),
  (155566677, 'André Oliveira', 'andre.oliveira@email.pt', '933334445', 'Avenida das Maravilhas, 100'),
(166677788, 'Ana Sousa', 'ana.sousa@email.pt', '912345678', 'Rua Principal, 123'),
  (177788899, 'Bruno Pereira', 'bruno.pereira@email.pt', '933333333', 'Avenida Central, 456'),
  (188899900, 'Carla Almeida', 'carla.almeida@email.pt', '945678321', 'Rua Secundária, 789'),
  (199900011, 'David Martins', 'david.martins@email.pt', '968765432', 'Avenida Alternativa, 101'),
  (200011122, 'Elisabete Oliveira', 'elisabete.oliveira@email.pt', '922345678', 'Rua Nova, 55'),
  (211122233, 'Fábio Silva', 'fabio.silva@email.pt', '911112233', 'Rua do Comércio, 10'),
  (222233344, 'Gabriela Santos', 'gabriela.santos@email.pt', '933334444', 'Avenida dos Desportos, 20'),
  (233344455, 'Hélder Costa', 'helder.costa@email.pt', '965556677', 'Rua dos Artistas, 30'),
  (244455566, 'Inês Lima', 'ines.lima@email.pt', '918889900', 'Avenida das Letras, 40'),
  (255566677, 'João Gonçalves', 'joao.goncalves@email.pt', '932223344', 'Rua dos Cientistas, 50'),
  (266677788, 'Kátia Ribeiro', 'katia.ribeiro@email.pt', '963334455', 'Avenida da História, 60'),
  (277788899, 'Luís Fernandes', 'luis.fernandes@email.pt', '977775556', 'Rua do Progresso, 70'),
  (288899900, 'Margarida Alves', 'margarida.alves@email.pt', '987786667', 'Avenida do Futuro, 80'),
  (299900011, 'Nuno Santos', 'nuno.santos@email.pt', '912228889', 'Rua dos Sonhos, 90'),
  (300011122, 'Olívia Oliveira', 'olivia.oliveira@email.pt', '933334445', 'Avenida das Maravilhas, 100'),
  (311122233, 'Paulo Sousa', 'paulo.sousa@email.pt', '944445555', 'Rua Principal, 123'),
  (322233344, 'Quintino Pereira', 'quintino.pereira@email.pt', '955556666', 'Avenida Central, 456'),
  (333344455, 'Raquel Almeida', 'raquel.almeida@email.pt', '966667777', 'Rua Secundária, 789'),
  (344455566, 'Sérgio Martins', 'sergio.martins@email.pt', '977778888', 'Avenida Alternativa, 101'),
  (355566677, 'Tânia Oliveira', 'tania.oliveira@email.pt', '988889999', 'Rua Nova, 55'),
  (366677788, 'Urbano Silva', 'urbano.silva@email.pt', '999990000', 'Rua do Comércio, 10'),
  (377788899, 'Vera Santos', 'vera.santos@email.pt', '911112211', 'Avenida dos Desportos, 20'),
  (388899900, 'Walter Costa', 'walter.costa@email.pt', '922223322', 'Rua dos Artistas, 30'),
  (399900011, 'Xana Lima', 'xana.lima@email.pt', '933334433', 'Avenida das Letras, 40'),
  (400011122, 'Yuri Gonçalves', 'yuri.goncalves@email.pt', '944445544', 'Rua dos Cientistas, 50'),
  (411122233, 'Zara Ribeiro', 'zara.ribeiro@email.pt', '955556655', 'Avenida da História, 60'),
  (422233344, 'Alex Fernandes', 'alex.fernandes@email.pt', '966667766', 'Rua do Progresso, 70'),
  (433344455, 'Bianca Alves', 'bianca.alves@email.pt', '977778877', 'Avenida do Futuro, 80'),
  (444455566, 'Carlos Santos', 'carlos.santos@email.pt', '988889988', 'Rua dos Sonhos, 90'),
  (455566677, 'Daniela Oliveira', 'daniela.oliveira@email.pt', '999990099', 'Avenida das Maravilhas, 100'),
(466677788, 'José Pereira', 'jose.pereira@email.pt', '912345678', 'Rua Principal, 123'),
  (477788899, 'Inês Oliveira', 'ines.oliveira@email.pt', '933333333', 'Avenida Central, 456'),
  (488899900, 'Ricardo Santos', 'ricardo.santos@email.pt', '945678321', 'Rua Secundária, 789'),
  (499900011, 'Marta Costa', 'marta.costa@email.pt', '968765432', 'Avenida Alternativa, 101'),
  (500011122, 'Hugo Almeida', 'hugo.almeida@email.pt', '922345678', 'Rua Nova, 55'),
  (511122233, 'Carla Silva', 'carla.silva@email.pt', '911112233', 'Rua do Comércio, 10'),
  (522233344, 'Joaquim Fernandes', 'joaquim.fernandes@email.pt', '933334444', 'Avenida dos Desportos, 20'),
  (533344455, 'Sofia Lima', 'sofia.lima@email.pt', '965556677', 'Rua dos Artistas, 30'),
  (544455566, 'Gustavo Santos', 'gustavo.santos@email.pt', '918889900', 'Avenida das Letras, 40'),
  (555566677, 'Filipa Ribeiro', 'filipa.ribeiro@email.pt', '932223344', 'Rua dos Cientistas, 50'),
  (566677788, 'Artur Gonçalves', 'artur.goncalves@email.pt', '963334455', 'Avenida da História, 60'),
  (577788899, 'Margarida Alves', 'margarida.alves@email.pt', '977775556', 'Rua do Progresso, 70'),
  (588899900, 'Nuno Santos', 'nuno.santos@email.pt', '987786667', 'Avenida do Futuro, 80'),
  (599900011, 'Olívia Oliveira', 'olivia.oliveira@email.pt', '912228889', 'Rua dos Sonhos, 90'),
  (600011122, 'Paulo Sousa', 'paulo.sousa@email.pt', '933334445', 'Avenida das Maravilhas, 100'),
  (611122233, 'Quintino Pereira', 'quintino.pereira@email.pt', '944445555', 'Rua Principal, 123'),
  (622233344, 'Raquel Almeida', 'raquel.almeida@email.pt', '955556666', 'Avenida Central, 456'),
  (633344455, 'Sérgio Martins', 'sergio.martins@email.pt', '966667777', 'Rua Secundária, 789'),
  (644455566, 'Tânia Oliveira', 'tania.oliveira@email.pt', '977778888', 'Avenida Alternativa, 101'),
  (655566677, 'Urbano Silva', 'urbano.silva@email.pt', '988889999', 'Rua Nova, 55'),
  (666677788, 'Vera Santos', 'vera.santos@email.pt', '999990000', 'Rua do Comércio, 10'),
  (677788899, 'Walter Costa', 'walter.costa@email.pt', '911112211', 'Avenida dos Desportos, 20'),
  (688899900, 'Xana Lima', 'xana.lima@email.pt', '922223322', 'Rua dos Artistas, 30'),
  (699900011, 'Yuri Gonçalves', 'yuri.goncalves@email.pt', '933334433', 'Avenida das Letras, 40'),
  (700011122, 'Zara Ribeiro', 'zara.ribeiro@email.pt', '944445544', 'Rua dos Cientistas, 50'),
  (711122233, 'Alex Fernandes', 'alex.fernandes@email.pt', '955556655', 'Avenida da História, 60'),
  (722233344, 'Bianca Alves', 'bianca.alves@email.pt', '966667766', 'Rua do Progresso, 70'),
  (733344455, 'Carlos Santos', 'carlos.santos@email.pt', '977778877', 'Avenida do Futuro, 80'),
  (744455566, 'Daniela Oliveira', 'daniela.oliveira@email.pt', '988889988', 'Rua dos Sonhos, 90'),
  (755566677, 'José Pereira', 'jose.pereira@email.pt', '999990099', 'Avenida das Maravilhas, 100'),
(766677788, 'Mariana Costa', 'mariana.costa@email.pt', '912345678', 'Rua Principal, 123'),
  (777788899, 'Leonardo Oliveira', 'leonardo.oliveira@email.pt', '933333333', 'Avenida Central, 456'),
  (788899900, 'Rita Santos', 'rita.santos@email.pt', '945678321', 'Rua Secundária, 789'),
  (799900011, 'Nelson Almeida', 'nelson.almeida@email.pt', '968765432', 'Avenida Alternativa, 101'),
  (800011122, 'Cátia Lima', 'catia.lima@email.pt', '922345678', 'Rua Nova, 55'),
(811122233, 'André Silva', 'andre.silva@email.pt', '955556677', 'Rua dos Cientistas, 50'),
  (822233344, 'Beatriz Ribeiro', 'beatriz.ribeiro@email.pt', '966667788', 'Avenida da História, 60'),
  (833344455, 'Carlos Gonçalves', 'carlos.goncalves@email.pt', '977778899', 'Rua do Progresso, 70'),
  (844455566, 'Daniela Lima', 'daniela.lima@email.pt', '988889900', 'Avenida do Futuro, 80'),
  (855566677, 'Eduardo Santos', 'eduardo.santos@email.pt', '999990011', 'Rua dos Sonhos, 90'),
  (866677788, 'Fernanda Oliveira', 'fernanda.oliveira@email.pt', '911112222', 'Avenida das Maravilhas, 100'),
  (877788899, 'Gonçalo Lima', 'goncalo.lima@email.pt', '922223333', 'Rua Principal, 123'),
  (888899900, 'Helena Almeida', 'helena.almeida@email.pt', '933334444', 'Avenida Central, 456'),
  (899900011, 'Ivo Santos', 'ivo.santos@email.pt', '944445555', 'Rua Secundária, 789'),
  (900011122, 'Joana Costa', 'joana.costa@email.pt', '955556666', 'Avenida Alternativa, 101');

-- Inserção de dados aleatórios para a tabela EMPLOYEE
INSERT INTO EMPLOYEE (NIF, name, address, work_shift, manager, department)
VALUES
  (111222333, 'Ana Costa', 'Avenida Secundária, 789', 'Diurno', TRUE, 3),
  (444555666, 'Rui Oliveira', 'Rua Alternativa, 101', 'Noturno', FALSE, 1),
  (777888999, 'Pedro Fernandes', 'Praça Principal, 456', 'Diurno', FALSE, 2),
  (888999000, 'Sara Santos', 'Rua Nova, 789', 'Noturno', TRUE, 3),
  (123456789, 'Miguel Lima', 'Avenida Central, 654', 'Diurno', FALSE, 1),
  (666666666, 'António Oliveira', 'Rua Principal, 666', 'Noturno', FALSE, 6),
  (777777777, 'Beatriz Sousa', 'Avenida dos Girassóis, 777', 'Diurno', TRUE, 7),
  (888888888, 'Carlos Pereira', 'Rua Alternativa, 888', 'Noturno', FALSE, 8),
  (999999999, 'Diana Santos', 'Avenida Central, 999', 'Diurno', FALSE, 9),
  (101010101, 'Eduardo Costa', 'Rua Nova, 1010', 'Noturno', FALSE, 10),
(811122233, 'Ricardo Pereira', 'Rua dos Trabalhadores, 30', 'Diurno', TRUE, 1),
  (822233344, 'Sofia Santos', 'Avenida da Inovação, 40', 'Noturno', FALSE, 2),
  (833344455, 'Tomás Lima', 'Rua da Energia, 50', 'Diurno', FALSE, 3),
  (844455566, 'Vanessa Costa', 'Avenida da Tecnologia, 60', 'Noturno', TRUE, 4),
  (855566677, 'Xavier Oliveira', 'Rua dos Programadores, 70', 'Diurno', FALSE, 5),
  (866677788, 'Yara Ribeiro', 'Avenida dos Designers, 80', 'Noturno', FALSE, 1),
  (877788899, 'Zé Silva', 'Rua dos Engenheiros, 90', 'Diurno', TRUE, 2),
  (888899900, 'Carolina Gonçalves', 'Avenida dos Criativos, 100', 'Noturno', FALSE, 3),
  (899900011, 'Dinis Lima', 'Rua dos Artistas, 110', 'Diurno', FALSE, 4),
  (900011122, 'Elisa Santos', 'Avenida dos Inventores, 120', 'Noturno', TRUE, 5),
(911122233, 'Rita Pereira', 'Rua dos Desenvolvedores, 30', 'Diurno', TRUE, 1),
  (922233344, 'Simão Santos', 'Avenida da Inovação, 40', 'Noturno', FALSE, 2),
  (933344455, 'Tiago Lima', 'Rua da Energia, 50', 'Diurno', FALSE, 3),
  (944455566, 'Uma Oliveira', 'Avenida da Tecnologia, 60', 'Noturno', TRUE, 4),
  (955566677, 'Vasco Costa', 'Rua dos Programadores, 70', 'Diurno', FALSE, 5),
  (966677788, 'Wanda Ribeiro', 'Avenida dos Designers, 80', 'Noturno', FALSE, 1),
  (977788899, 'Xavier Silva', 'Rua dos Engenheiros, 90', 'Diurno', TRUE, 2),
  (988899900, 'Yara Gonçalves', 'Avenida dos Criativos, 100', 'Noturno', FALSE, 3),
  (999900011, 'Zé Lima', 'Rua dos Artistas, 110', 'Diurno', FALSE, 4),
  (1000011122, 'Ana Santos', 'Avenida dos Inventores, 120', 'Noturno', TRUE, 5),
(101122233, 'Rui Pereira', 'Rua dos Desenvolvedores, 31', 'Diurno', TRUE, 1),
  (102233344, 'Sofia Santos', 'Avenida da Inovação, 41', 'Noturno', FALSE, 2),
  (103344455, 'Tomás Lima', 'Rua da Energia, 51', 'Diurno', FALSE, 3),
  (104455566, 'Vanessa Costa', 'Avenida da Tecnologia, 61', 'Noturno', TRUE, 4),
  (105566677, 'Xavier Oliveira', 'Rua dos Programadores, 71', 'Diurno', FALSE, 5),
  (106677788, 'Yara Ribeiro', 'Avenida dos Designers, 81', 'Noturno', FALSE, 1),
  (107788899, 'Zé Silva', 'Rua dos Engenheiros, 91', 'Diurno', TRUE, 2),
  (108899900, 'Carolina Gonçalves', 'Avenida dos Criativos, 101', 'Noturno', FALSE, 3),
  (109900011, 'Dinis Lima', 'Rua dos Artistas, 111', 'Diurno', FALSE, 4),
  (110001122, 'Elisa Santos', 'Avenida dos Inventores, 121', 'Noturno', TRUE, 5),
(111122233, 'Ricardo Pereira', 'Rua dos Desenvolvedores, 32', 'Diurno', TRUE, 1),
  (112233344, 'Sofia Santos', 'Avenida da Inovação, 42', 'Noturno', FALSE, 2),
  (113344455, 'Tomás Lima', 'Rua da Energia, 52', 'Diurno', FALSE, 3),
  (114455566, 'Vanessa Costa', 'Avenida da Tecnologia, 62', 'Noturno', TRUE, 4),
  (115566677, 'Xavier Oliveira', 'Rua dos Programadores, 72', 'Diurno', FALSE, 5),
  (116677788, 'Yara Ribeiro', 'Avenida dos Designers, 82', 'Noturno', FALSE, 1),
  (117788899, 'Zé Silva', 'Rua dos Engenheiros, 92', 'Diurno', TRUE, 2),
  (118899900, 'Carolina Gonçalves', 'Avenida dos Criativos, 102', 'Noturno', FALSE, 3),
  (119900011, 'Dinis Lima', 'Rua dos Artistas, 112', 'Diurno', FALSE, 4),
  (120001122, 'Elisa Santos', 'Avenida dos Inventores, 122', 'Noturno', TRUE, 5),
(121122233, 'Ricardo Oliveira', 'Rua dos Desenvolvedores, 33', 'Diurno', TRUE, 1),
  (122233344, 'Sílvia Lima', 'Avenida da Inovação, 43', 'Noturno', FALSE, 2),
  (123344455, 'Tiago Costa', 'Rua da Energia, 53', 'Diurno', FALSE, 3),
  (124455566, 'Vera Santos', 'Avenida da Tecnologia, 63', 'Noturno', TRUE, 4),
  (125566677, 'Xana Ribeiro', 'Rua dos Programadores, 73', 'Diurno', FALSE, 5),
  (126677788, 'Yuri Silva', 'Avenida dos Designers, 83', 'Noturno', FALSE, 1),
  (127788899, 'Zé Gonçalves', 'Rua dos Engenheiros, 93', 'Diurno', TRUE, 2),
  (128899900, 'Carla Lima', 'Avenida dos Criativos, 103', 'Noturno', FALSE, 3),
  (129900011, 'Daniel Lima', 'Rua dos Artistas, 113', 'Diurno', FALSE, 4),
  (130001122, 'Eduarda Santos', 'Avenida dos Inventores, 123', 'Noturno', TRUE, 5),
  (131122233, 'Rita Silva', 'Rua dos Desenvolvedores, 34', 'Diurno', TRUE, 1),
  (132233344, 'Hugo Santos', 'Avenida da Inovação, 44', 'Noturno', FALSE, 2),
  (133344455, 'Ana Lima', 'Rua da Energia, 54', 'Diurno', FALSE, 3),
  (134455566, 'Paulo Costa', 'Avenida da Tecnologia, 64', 'Noturno', TRUE, 4),
  (135566677, 'Mara Oliveira', 'Rua dos Programadores, 74', 'Diurno', FALSE, 5),
  (136677788, 'Zé Ribeiro', 'Avenida dos Designers, 84', 'Noturno', FALSE, 1),
  (137788899, 'Carolina Gonçalves', 'Rua dos Engenheiros, 94', 'Diurno', TRUE, 2),
  (138899900, 'Tiago Lima', 'Avenida dos Criativos, 104', 'Noturno', FALSE, 3),
  (139900011, 'Andreia Lima', 'Rua dos Artistas, 114', 'Diurno', FALSE, 4),
  (140001122, 'Rui Santos', 'Avenida dos Inventores, 124', 'Noturno', TRUE, 5),
(141122233, 'Inês Lima', 'Rua dos Desenvolvedores, 35', 'Diurno', TRUE, 1),
  (142233344, 'Carlos Ribeiro', 'Avenida da Inovação, 45', 'Noturno', FALSE, 2),
  (143344455, 'Sofia Oliveira', 'Rua da Energia, 55', 'Diurno', FALSE, 3),
  (144455566, 'José Costa', 'Avenida da Tecnologia, 65', 'Noturno', TRUE, 4),
  (145566677, 'Marta Santos', 'Rua dos Programadores, 75', 'Diurno', FALSE, 5),
  (146677788, 'Rui Ribeiro', 'Avenida dos Designers, 85', 'Noturno', FALSE, 1),
  (147788899, 'Patrícia Gonçalves', 'Rua dos Engenheiros, 95', 'Diurno', TRUE, 2),
  (148899900, 'Pedro Lima', 'Avenida dos Criativos, 105', 'Noturno', FALSE, 3),
  (149900011, 'Filipa Lima', 'Rua dos Artistas, 115', 'Diurno', FALSE, 4),
  (150001122, 'Luís Santos', 'Avenida dos Inventores, 125', 'Noturno', TRUE, 5),
  (151112233, 'Catarina Silva', 'Rua dos Desenvolvedores, 36', 'Diurno', TRUE, 1),
  (152223344, 'Manuel Ribeiro', 'Avenida da Inovação, 46', 'Noturno', FALSE, 2),
  (153334455, 'Beatriz Oliveira', 'Rua da Energia, 56', 'Diurno', FALSE, 3),
  (154445566, 'António Costa', 'Avenida da Tecnologia, 66', 'Noturno', TRUE, 4),
  (155556677, 'Joana Santos', 'Rua dos Programadores, 76', 'Diurno', FALSE, 5),
  (156667788, 'Miguel Ribeiro', 'Avenida dos Designers, 86', 'Noturno', FALSE, 1),
  (157778899, 'Helena Gonçalves', 'Rua dos Engenheiros, 96', 'Diurno', TRUE, 2),
  (158889900, 'Bruno Lima', 'Avenida dos Criativos, 106', 'Noturno', FALSE, 3),
  (159900011, 'Isabel Lima', 'Rua dos Artistas, 116', 'Diurno', FALSE, 4),
  (160001122, 'Artur Santos', 'Avenida dos Inventores, 126', 'Noturno', TRUE, 5),
(161122233, 'Diana Lima', 'Rua dos Desenvolvedores, 37', 'Diurno', TRUE, 1),
  (162233344, 'Ricardo Ribeiro', 'Avenida da Inovação, 47', 'Noturno', FALSE, 2),
  (163344455, 'Fábio Oliveira', 'Rua da Energia, 57', 'Diurno', FALSE, 3),
  (164455566, 'Teresa Costa', 'Avenida da Tecnologia, 67', 'Noturno', TRUE, 4),
  (165566677, 'Leonardo Santos', 'Rua dos Programadores, 77', 'Diurno', FALSE, 5),
  (166677788, 'Isabel Ribeiro', 'Avenida dos Designers, 87', 'Noturno', FALSE, 1),
  (167788899, 'André Gonçalves', 'Rua dos Engenheiros, 97', 'Diurno', TRUE, 2),
  (168899900, 'Cátia Lima', 'Avenida dos Criativos, 107', 'Noturno', FALSE, 3),
  (169900011, 'Fernando Lima', 'Rua dos Artistas, 117', 'Diurno', FALSE, 4),
  (170001122, 'Carolina Santos', 'Avenida dos Inventores, 127', 'Noturno', TRUE, 5),
  (171112233, 'Mário Silva', 'Rua dos Desenvolvedores, 38', 'Diurno', TRUE, 1),
  (172223344, 'Mariana Ribeiro', 'Avenida da Inovação, 48', 'Noturno', FALSE, 2),
  (173334455, 'Nuno Oliveira', 'Rua da Energia, 58', 'Diurno', FALSE, 3),
  (174445566, 'Sara Costa', 'Avenida da Tecnologia, 68', 'Noturno', TRUE, 4),
  (175556677, 'Rodrigo Santos', 'Rua dos Programadores, 78', 'Diurno', FALSE, 5),
  (176667788, 'Vânia Ribeiro', 'Avenida dos Designers, 88', 'Noturno', FALSE, 1),
  (177778899, 'Francisco Gonçalves', 'Rua dos Engenheiros, 98', 'Diurno', TRUE, 2),
  (178889900, 'Carla Lima', 'Avenida dos Criativos, 108', 'Noturno', FALSE, 3),
  (179900011, 'Rui Lima', 'Rua dos Artistas, 118', 'Diurno', FALSE, 4),
  (180001122, 'Ana Santos', 'Avenida dos Inventores, 128', 'Noturno', TRUE, 5);

-- Inserção de dados aleatórios para a tabela CUSTOMERSERVICE
INSERT INTO CUSTOMERSERVICE (idCustomerService, urgency, description, client)
VALUES
  (1, 3, 'Problema com entrega do produto', 123456789),
  (2, 1, 'Pedido de suporte técnico', 987654321),
  (3, 2, 'Troca de item com defeito', 111222333),
  (4, 4, 'Atraso na entrega', 444555666),
  (5, 5, 'Dúvida sobre o produto', 555666777),
  (6, 3, 'Problema com fatura', 123456789),
  (7, 1, 'Assistência técnica necessária', 987654321),
  (8, 2, 'Troca de item por defeito', 111222333),
  (9, 4, 'Atraso na entrega de serviço', 444555666),
  (10, 5, 'Dúvida sobre o serviço', 555666777),
  (11, 3, 'Problema com entrega do produto', 123456789),
  (12, 1, 'Pedido de suporte técnico', 987654321),
  (13, 2, 'Troca de item com defeito', 111222333),
  (14, 4, 'Atraso na entrega', 444555666),
  (15, 5, 'Dúvida sobre o produto', 555666777),
  (16, 3, 'Problema com fatura', 123456789),
  (17, 1, 'Assistência técnica necessária', 987654321),
  (18, 2, 'Troca de item por defeito', 111222333),
  (19, 4, 'Atraso na entrega de serviço', 444555666),
  (20, 5, 'Dúvida sobre o serviço', 555666777),
  (21, 3, 'Problema com entrega do produto', 123456789),
  (22, 1, 'Pedido de suporte técnico', 987654321),
  (23, 2, 'Troca de item com defeito', 111222333),
  (24, 4, 'Atraso na entrega', 444555666),
  (25, 5, 'Dúvida sobre o produto', 555666777),
(26, 3, 'Problema com fatura', 123456789),
  (27, 1, 'Assistência técnica necessária', 987654321),
  (28, 2, 'Troca de item por defeito', 111222333),
  (29, 4, 'Atraso na entrega de serviço', 444555666),
  (30, 5, 'Dúvida sobre o serviço', 555666777),
  (31, 3, 'Problema com entrega do produto', 123456789),
  (32, 1, 'Pedido de suporte técnico', 987654321),
  (33, 2, 'Troca de item com defeito', 111222333),
  (34, 4, 'Atraso na entrega', 444555666),
  (35, 5, 'Dúvida sobre o produto', 555666777),
  (36, 3, 'Problema com fatura', 123456789),
  (37, 1, 'Assistência técnica necessária', 987654321),
  (38, 2, 'Troca de item por defeito', 111222333),
  (39, 4, 'Atraso na entrega de serviço', 444555666),
  (40, 5, 'Dúvida sobre o serviço', 555666777),
  (41, 3, 'Problema com entrega do produto', 123456789),
  (42, 1, 'Pedido de suporte técnico', 987654321),
  (43, 2, 'Troca de item com defeito', 111222333),
  (44, 4, 'Atraso na entrega', 444555666),
  (45, 5, 'Dúvida sobre o produto', 555666777),
(46, 3, 'Problema com fatura', 123456789),
  (47, 1, 'Assistência técnica necessária', 987654321),
  (48, 2, 'Troca de item por defeito', 111222333),
  (49, 4, 'Atraso na entrega de serviço', 444555666),
  (50, 5, 'Dúvida sobre o serviço', 555666777),
  (51, 3, 'Problema com entrega do produto', 123456789),
  (52, 1, 'Pedido de suporte técnico', 987654321),
  (53, 2, 'Troca de item com defeito', 111222333),
  (54, 4, 'Atraso na entrega', 444555666),
  (55, 5, 'Dúvida sobre o produto', 555666777),
  (56, 3, 'Problema com fatura', 123456789),
  (57, 1, 'Assistência técnica necessária', 987654321),
  (58, 2, 'Troca de item por defeito', 111222333),
  (59, 4, 'Atraso na entrega de serviço', 444555666),
  (60, 5, 'Dúvida sobre o serviço', 555666777),
  (61, 3, 'Problema com entrega do produto', 123456789),
  (62, 1, 'Pedido de suporte técnico', 987654321),
  (63, 2, 'Troca de item com defeito', 111222333),
  (64, 4, 'Atraso na entrega', 444555666),
  (65, 5, 'Dúvida sobre o produto', 555666777),
(66, 3, 'Problema com fatura', 123456789),
  (67, 1, 'Assistência técnica necessária', 987654321),
  (68, 2, 'Troca de item por defeito', 111222333),
  (69, 4, 'Atraso na entrega de serviço', 444555666),
  (70, 5, 'Dúvida sobre o serviço', 555666777),
  (71, 3, 'Problema com entrega do produto', 123456789),
  (72, 1, 'Pedido de suporte técnico', 987654321),
  (73, 2, 'Troca de item com defeito', 111222333),
  (74, 4, 'Atraso na entrega', 444555666),
  (75, 5, 'Dúvida sobre o produto', 555666777),
  (76, 3, 'Problema com fatura', 123456789),
  (77, 1, 'Assistência técnica necessária', 987654321),
  (78, 2, 'Troca de item por defeito', 111222333),
  (79, 4, 'Atraso na entrega de serviço', 444555666),
  (80, 5, 'Dúvida sobre o serviço', 555666777),
  (81, 3, 'Problema com entrega do produto', 123456789),
  (82, 1, 'Pedido de suporte técnico', 987654321),
  (83, 2, 'Troca de item com defeito', 111222333),
  (84, 4, 'Atraso na entrega', 444555666),
  (85, 5, 'Dúvida sobre o produto', 555666777),
(86, 3, 'Problema com fatura', 123456789),
  (87, 1, 'Assistência técnica necessária', 987654321),
  (88, 2, 'Troca de item por defeito', 111222333),
  (89, 4, 'Atraso na entrega de serviço', 444555666),
  (90, 5, 'Dúvida sobre o serviço', 555666777),
  (91, 3, 'Problema com entrega do produto', 123456789),
  (92, 1, 'Pedido de suporte técnico', 987654321),
  (93, 2, 'Troca de item com defeito', 111222333),
  (94, 4, 'Atraso na entrega', 444555666),
  (95, 5, 'Dúvida sobre o produto', 555666777),
  (96, 3, 'Problema com fatura', 123456789),
  (97, 1, 'Assistência técnica necessária', 987654321),
  (98, 2, 'Troca de item por defeito', 111222333),
  (99, 4, 'Atraso na entrega de serviço', 444555666),
  (100, 5, 'Dúvida sobre o serviço', 555666777),
  (101, 3, 'Problema com entrega do produto', 123456789),
  (102, 1, 'Pedido de suporte técnico', 987654321),
  (103, 2, 'Troca de item com defeito', 111222333),
  (104, 4, 'Atraso na entrega', 444555666),
  (105, 5, 'Dúvida sobre o produto', 555666777),
(106, 3, 'Problema com fatura', 123456789),
  (107, 1, 'Assistência técnica necessária', 987654321),
  (108, 2, 'Troca de item por defeito', 111222333),
  (109, 4, 'Atraso na entrega de serviço', 444555666),
  (110, 5, 'Dúvida sobre o serviço', 555666777),
  (111, 3, 'Problema com entrega do produto', 123456789),
  (112, 1, 'Pedido de suporte técnico', 987654321),
  (113, 2, 'Troca de item com defeito', 111222333),
  (114, 4, 'Atraso na entrega', 444555666),
  (115, 5, 'Dúvida sobre o produto', 555666777),
  (116, 3, 'Problema com fatura', 123456789),
  (117, 1, 'Assistência técnica necessária', 987654321),
  (118, 2, 'Troca de item por defeito', 111222333),
  (119, 4, 'Atraso na entrega de serviço', 444555666),
  (120, 5, 'Dúvida sobre o serviço', 555666777),
  (121, 3, 'Problema com entrega do produto', 123456789),
  (122, 1, 'Pedido de suporte técnico', 987654321),
  (123, 2, 'Troca de item com defeito', 111222333),
  (124, 4, 'Atraso na entrega', 444555666),
  (125, 5, 'Dúvida sobre o produto', 555666777),
(126, 3, 'Problema com fatura', 123456789),
  (127, 1, 'Assistência técnica necessária', 987654321),
  (128, 2, 'Troca de item por defeito', 111222333),
  (129, 4, 'Atraso na entrega de serviço', 444555666),
  (130, 5, 'Dúvida sobre o serviço', 555666777),
  (131, 3, 'Problema com entrega do produto', 123456789),
  (132, 1, 'Pedido de suporte técnico', 987654321),
  (133, 2, 'Troca de item com defeito', 111222333),
  (134, 4, 'Atraso na entrega', 444555666),
  (135, 5, 'Dúvida sobre o produto', 555666777),
  (136, 3, 'Problema com fatura', 123456789),
  (137, 1, 'Assistência técnica necessária', 987654321),
  (138, 2, 'Troca de item por defeito', 111222333),
  (139, 4, 'Atraso na entrega de serviço', 444555666),
  (140, 5, 'Dúvida sobre o serviço', 555666777),
  (141, 3, 'Problema com entrega do produto', 123456789),
  (142, 1, 'Pedido de suporte técnico', 987654321),
  (143, 2, 'Troca de item com defeito', 111222333),
  (144, 4, 'Atraso na entrega', 444555666),
  (145, 5, 'Dúvida sobre o produto', 555666777),
  (146, 3, 'Problema com fatura', 123456789),
  (147, 1, 'Assistência técnica necessária', 987654321),
  (148, 2, 'Troca de item por defeito', 111222333),
  (149, 4, 'Atraso na entrega de serviço', 444555666),
  (150, 5, 'Dúvida sobre o serviço', 555666777);


-- Inserção de dados aleatórios para a tabela PROVIDER
INSERT INTO PROVIDER (idProvider, address, phone, email, name)
VALUES
  (1, 'Rua dos Fornecedores, 789', '111-222-3333', 'fornecedor1@email.pt', 'ABC Eletrónica'),
  (2, 'Avenida dos Suprimentos, 456', '444-555-6666', 'fornecedor2@email.pt', 'XYZ Suprimentos'),
  (3, 'Rua das Peças, 123', '777-888-9999', 'fornecedor3@email.pt', 'Peças Importadas'),
  (4, 'Avenida das Máquinas, 987', '888-999-0000', 'fornecedor4@email.pt', 'Máquinas Avançadas'),
  (5, 'Praça dos Componentes, 654', '123-456-7890', 'fornecedor5@email.pt', 'Componentes Eletrónicos'),
(6, 'Rua dos Acessórios, 321', '111-222-3333', 'fornecedor6@email.pt', 'Acessórios Importados'),
  (7, 'Avenida das Peças, 654', '444-555-6666', 'fornecedor7@email.pt', 'Peças de Qualidade'),
  (8, 'Praça dos Componentes, 987', '777-888-9999', 'fornecedor8@email.pt', 'Componentes Importados'),
  (9, 'Avenida das Ferramentas, 123', '888-999-0000', 'fornecedor9@email.pt', 'Ferramentas de Alta Performance'),
  (10, 'Rua das Peças Eletrónicas, 101', '123-456-7890', 'fornecedor10@email.pt', 'Peças Eletrónicas de Ponta'),
  (11, 'Rua dos Acessórios, 322', '111-222-3334', 'fornecedor11@email.pt', 'Acessórios Importados'),
  (12, 'Avenida das Peças, 655', '444-555-6667', 'fornecedor12@email.pt', 'Peças de Qualidade'),
  (13, 'Praça dos Componentes, 988', '777-888-9998', 'fornecedor13@email.pt', 'Componentes Importados'),
  (14, 'Avenida das Ferramentas, 124', '888-999-0001', 'fornecedor14@email.pt', 'Ferramentas de Alta Performance'),
  (15, 'Rua das Peças Eletrónicas, 102', '123-456-7891', 'fornecedor15@email.pt', 'Peças Eletrónicas de Ponta'),
  (16, 'Rua dos Acessórios, 323', '111-222-3335', 'fornecedor16@email.pt', 'Acessórios Importados'),
  (17, 'Avenida das Peças, 656', '444-555-6668', 'fornecedor17@email.pt', 'Peças de Qualidade'),
  (18, 'Praça dos Componentes, 989', '777-888-9997', 'fornecedor18@email.pt', 'Componentes Importados'),
  (19, 'Avenida das Ferramentas, 125', '888-999-0002', 'fornecedor19@email.pt', 'Ferramentas de Alta Performance'),
  (20, 'Rua das Peças Eletrónicas, 103', '123-456-7892', 'fornecedor20@email.pt', 'Peças Eletrónicas de Ponta'),
  (21, 'Rua dos Acessórios, 324', '111-222-3336', 'fornecedor21@email.pt', 'Acessórios Importados'),
  (22, 'Avenida das Peças, 657', '444-555-6669', 'fornecedor22@email.pt', 'Peças de Qualidade'),
  (23, 'Praça dos Componentes, 990', '777-888-9996', 'fornecedor23@email.pt', 'Componentes Importados'),
  (24, 'Avenida das Ferramentas, 126', '888-999-0003', 'fornecedor24@email.pt', 'Ferramentas de Alta Performance'),
  (25, 'Rua das Peças Eletrónicas, 104', '123-456-7893', 'fornecedor25@email.pt', 'Peças Eletrónicas de Ponta'),
(26, 'Praça dos Componentes, 654', '123-456-7890', 'fornecedor26@email.pt', 'Componentes Eletrónicos de Alta Qualidade'),
  (27, 'Rua das Peças, 789', '111-222-3333', 'fornecedor27@email.pt', 'Peças de Precisão'),
  (28, 'Avenida dos Componentes, 456', '444-555-6666', 'fornecedor28@email.pt', 'Componentes Robustos'),
  (29, 'Rua das Máquinas, 123', '777-888-9999', 'fornecedor29@email.pt', 'Máquinas Avançadas'),
  (30, 'Avenida dos Eletrónicos, 987', '888-999-0000', 'fornecedor30@email.pt', 'Eletrónicos Inovadores'),
  (31, 'Praça dos Suprimentos, 654', '123-456-7890', 'fornecedor31@email.pt', 'Suprimentos de Alta Qualidade'),
  (32, 'Rua das Ferramentas, 789', '111-222-3333', 'fornecedor32@email.pt', 'Ferramentas Profissionais'),
  (33, 'Avenida dos Equipamentos, 456', '444-555-6666', 'fornecedor33@email.pt', 'Equipamentos de Última Geração'),
  (34, 'Rua dos Materiais, 123', '777-888-9999', 'fornecedor34@email.pt', 'Materiais Duráveis'),
  (35, 'Avenida das Peças, 987', '888-999-0000', 'fornecedor35@email.pt', 'Peças de Alta Performance'),
  (36, 'Praça dos Componentes, 654', '123-456-7890', 'fornecedor36@email.pt', 'Componentes Eletrónicos Avançados'),
  (37, 'Rua das Peças, 789', '111-222-3333', 'fornecedor37@email.pt', 'Peças de Qualidade Superior'),
  (38, 'Avenida dos Componentes, 456', '444-555-6666', 'fornecedor38@email.pt', 'Componentes de Alta Precisão'),
  (39, 'Rua das Máquinas, 123', '777-888-9999', 'fornecedor39@email.pt', 'Máquinas de Ponta'),
  (40, 'Avenida dos Eletrónicos, 987', '888-999-0000', 'fornecedor40@email.pt', 'Eletrónicos de Última Geração'),
  (41, 'Praça dos Suprimentos, 654', '123-456-7890', 'fornecedor41@email.pt', 'Suprimentos de Qualidade Premium'),
  (42, 'Rua das Ferramentas, 789', '111-222-3333', 'fornecedor42@email.pt', 'Ferramentas de Alta Qualidade'),
  (43, 'Avenida dos Equipamentos, 456', '444-555-6666', 'fornecedor43@email.pt', 'Equipamentos de Excelência'),
  (44, 'Rua dos Materiais, 123', '777-888-9999', 'fornecedor44@email.pt', 'Materiais Resistentes'),
  (45, 'Avenida das Peças, 987', '888-999-0000', 'fornecedor45@email.pt', 'Peças de Longa Durabilidade'),
  (46, 'Praça dos Componentes, 654', '123-456-7890', 'fornecedor46@email.pt', 'Componentes Eletrónicos de Alta Qualidade'),
  (47, 'Rua das Peças, 789', '111-222-3333', 'fornecedor47@email.pt', 'Peças de Precisão'),
  (48, 'Avenida dos Componentes, 456', '444-555-6666', 'fornecedor48@email.pt', 'Componentes Robustos'),
  (49, 'Rua das Máquinas, 123', '777-888-9999', 'fornecedor49@email.pt', 'Máquinas Avançadas'),
  (50, 'Avenida dos Eletrónicos, 987', '888-999-0000', 'fornecedor50@email.pt', 'Eletrónicos Inovadores'),
(51, 'Praça dos Suprimentos, 654', '123-456-7890', 'fornecedor51@email.pt', 'Suprimentos de Alta Qualidade'),
  (52, 'Rua das Ferramentas, 789', '111-222-3333', 'fornecedor52@email.pt', 'Ferramentas Profissionais'),
  (53, 'Avenida dos Equipamentos, 456', '444-555-6666', 'fornecedor53@email.pt', 'Equipamentos de Última Geração'),
  (54, 'Rua dos Materiais, 123', '777-888-9999', 'fornecedor54@email.pt', 'Materiais Duráveis'),
  (55, 'Avenida das Peças, 987', '888-999-0000', 'fornecedor55@email.pt', 'Peças de Alta Performance'),
  (56, 'Praça dos Componentes, 654', '123-456-7890', 'fornecedor56@email.pt', 'Componentes Eletrónicos Avançados'),
  (57, 'Rua das Peças, 789', '111-222-3333', 'fornecedor57@email.pt', 'Peças de Qualidade Superior'),
  (58, 'Avenida dos Componentes, 456', '444-555-6666', 'fornecedor58@email.pt', 'Componentes de Alta Precisão'),
  (59, 'Rua das Máquinas, 123', '777-888-9999', 'fornecedor59@email.pt', 'Máquinas de Ponta'),
  (60, 'Avenida dos Eletrónicos, 987', '888-999-0000', 'fornecedor60@email.pt', 'Eletrónicos de Última Geração'),
  (61, 'Praça dos Suprimentos, 654', '123-456-7890', 'fornecedor61@email.pt', 'Suprimentos de Qualidade Premium'),
  (62, 'Rua das Ferramentas, 789', '111-222-3333', 'fornecedor62@email.pt', 'Ferramentas de Alta Qualidade'),
  (63, 'Avenida dos Equipamentos, 456', '444-555-6666', 'fornecedor63@email.pt', 'Equipamentos de Excelência'),
  (64, 'Rua dos Materiais, 123', '777-888-9999', 'fornecedor64@email.pt', 'Materiais Resistentes'),
  (65, 'Avenida das Peças, 987', '888-999-0000', 'fornecedor65@email.pt', 'Peças de Longa Durabilidade'),
  (66, 'Praça dos Componentes, 654', '123-456-7890', 'fornecedor66@email.pt', 'Componentes Eletrónicos de Alta Qualidade'),
  (67, 'Rua das Peças, 789', '111-222-3333', 'fornecedor67@email.pt', 'Peças de Precisão'),
  (68, 'Avenida dos Componentes, 456', '444-555-6666', 'fornecedor68@email.pt', 'Componentes Robustos'),
  (69, 'Rua das Máquinas, 123', '777-888-9999', 'fornecedor69@email.pt', 'Máquinas Avançadas'),
  (70, 'Avenida dos Eletrónicos, 987', '888-999-0000', 'fornecedor70@email.pt', 'Eletrónicos Inovadores'),
  (71, 'Praça dos Suprimentos, 654', '123-456-7890', 'fornecedor71@email.pt', 'Suprimentos de Alta Qualidade'),
  (72, 'Rua das Ferramentas, 789', '111-222-3333', 'fornecedor72@email.pt', 'Ferramentas Profissionais'),
  (73, 'Avenida dos Equipamentos, 456', '444-555-6666', 'fornecedor73@email.pt', 'Equipamentos de Última Geração'),
  (74, 'Rua dos Materiais, 123', '777-888-9999', 'fornecedor74@email.pt', 'Materiais Duráveis'),
  (75, 'Avenida das Peças, 987', '888-999-0000', 'fornecedor75@email.pt', 'Peças de Alta Performance'),
  (76, 'Praça dos Componentes, 654', '123-456-7890', 'fornecedor76@email.pt', 'Componentes Eletrónicos Avançados'),
  (77, 'Rua das Peças, 789', '111-222-3333', 'fornecedor77@email.pt', 'Peças de Qualidade Superior'),
  (78, 'Avenida dos Componentes, 456', '444-555-6666', 'fornecedor78@email.pt', 'Componentes de Alta Precisão'),
  (79, 'Rua das Máquinas, 123', '777-888-9999', 'fornecedor79@email.pt', 'Máquinas de Ponta'),
  (80, 'Avenida dos Eletrónicos, 987', '888-999-0000', 'fornecedor80@email.pt', 'Eletrónicos de Última Geração'),
  (81, 'Praça dos Suprimentos, 654', '123-456-7890', 'fornecedor81@email.pt', 'Suprimentos de Qualidade Premium'),
  (82, 'Rua das Ferramentas, 789', '111-222-3333', 'fornecedor82@email.pt', 'Ferramentas de Alta Qualidade'),
  (83, 'Avenida dos Equipamentos, 456', '444-555-6666', 'fornecedor83@email.pt', 'Equipamentos de Excelência'),
  (84, 'Rua dos Materiais, 123', '777-888-9999', 'fornecedor84@email.pt', 'Materiais Resistentes'),
  (85, 'Avenida das Peças, 987', '888-999-0000', 'fornecedor85@email.pt', 'Peças de Longa Durabilidade'),
  (86, 'Praça dos Componentes, 654', '123-456-7890', 'fornecedor86@email.pt', 'Componentes Eletrónicos de Alta Qualidade'),
  (87, 'Rua das Peças, 789', '111-222-3333', 'fornecedor87@email.pt', 'Peças de Precisão'),
  (88, 'Avenida dos Componentes, 456', '444-555-6666', 'fornecedor88@email.pt', 'Componentes Robustos'),
  (89, 'Rua das Máquinas, 123', '777-888-9999', 'fornecedor89@email.pt', 'Máquinas Avançadas'),
  (90, 'Avenida dos Eletrónicos, 987', '888-999-0000', 'fornecedor90@email.pt', 'Eletrónicos Inovadores'),
(91, 'Praça dos Suprimentos, 654', '123-456-7890', 'fornecedor91@email.pt', 'Suprimentos de Alta Qualidade'),
  (92, 'Rua das Ferramentas, 789', '111-222-3333', 'fornecedor92@email.pt', 'Ferramentas Profissionais'),
  (93, 'Avenida dos Equipamentos, 456', '444-555-6666', 'fornecedor93@email.pt', 'Equipamentos de Última Geração'),
  (94, 'Rua dos Materiais, 123', '777-888-9999', 'fornecedor94@email.pt', 'Materiais Duráveis'),
  (95, 'Avenida das Peças, 987', '888-999-0000', 'fornecedor95@email.pt', 'Peças de Alta Performance'),
  (96, 'Praça dos Componentes, 654', '123-456-7890', 'fornecedor96@email.pt', 'Componentes Eletrónicos Avançados'),
  (97, 'Rua das Peças, 789', '111-222-3333', 'fornecedor97@email.pt', 'Peças de Qualidade Superior'),
  (98, 'Avenida dos Componentes, 456', '444-555-6666', 'fornecedor98@email.pt', 'Componentes de Alta Precisão'),
  (99, 'Rua das Máquinas, 123', '777-888-9999', 'fornecedor99@email.pt', 'Máquinas de Ponta'),
  (100, 'Avenida dos Eletrónicos, 987', '888-999-0000', 'fornecedor100@email.pt', 'Eletrónicos de Última Geração'),
  (101, 'Praça dos Suprimentos, 654', '123-456-7890', 'fornecedor101@email.pt', 'Suprimentos de Qualidade Premium'),
  (102, 'Rua das Ferramentas, 789', '111-222-3333', 'fornecedor102@email.pt', 'Ferramentas de Alta Qualidade'),
  (103, 'Avenida dos Equipamentos, 456', '444-555-6666', 'fornecedor103@email.pt', 'Equipamentos de Excelência'),
  (104, 'Rua dos Materiais, 123', '777-888-9999', 'fornecedor104@email.pt', 'Materiais Resistentes'),
  (105, 'Avenida das Peças, 987', '888-999-0000', 'fornecedor105@email.pt', 'Peças de Longa Durabilidade'),
  (106, 'Praça dos Componentes, 654', '123-456-7890', 'fornecedor106@email.pt', 'Componentes Eletrónicos de Alta Qualidade'),
  (107, 'Rua das Peças, 789', '111-222-3333', 'fornecedor107@email.pt', 'Peças de Precisão'),
  (108, 'Avenida dos Componentes, 456', '444-555-6666', 'fornecedor108@email.pt', 'Componentes Robustos'),
  (109, 'Rua das Máquinas, 123', '777-888-9999', 'fornecedor109@email.pt', 'Máquinas Avançadas'),
  (110, 'Avenida dos Eletrónicos, 987', '888-999-0000', 'fornecedor110@email.pt', 'Eletrónicos Inovadores'),
  (111, 'Praça dos Suprimentos, 654', '123-456-7890', 'fornecedor111@email.pt', 'Suprimentos de Alta Qualidade'),
  (112, 'Rua das Ferramentas, 789', '111-222-3333', 'fornecedor112@email.pt', 'Ferramentas Profissionais'),
  (113, 'Avenida dos Equipamentos, 456', '444-555-6666', 'fornecedor113@email.pt', 'Equipamentos de Última Geração'),
  (114, 'Rua dos Materiais, 123', '777-888-9999', 'fornecedor114@email.pt', 'Materiais Duráveis'),
  (115, 'Avenida das Peças, 987', '888-999-0000', 'fornecedor115@email.pt', 'Peças de Alta Performance'),
  (116, 'Praça dos Componentes, 654', '123-456-7890', 'fornecedor116@email.pt', 'Componentes Eletrónicos Avançados'),
  (117, 'Rua das Peças, 789', '111-222-3333', 'fornecedor117@email.pt', 'Peças de Qualidade Superior'),
  (118, 'Avenida dos Componentes, 456', '444-555-6666', 'fornecedor118@email.pt', 'Componentes de Alta Precisão'),
  (119, 'Rua das Máquinas, 123', '777-888-9999', 'fornecedor119@email.pt', 'Máquinas de Ponta'),
  (120, 'Avenida dos Eletrónicos, 987', '888-999-0000', 'fornecedor120@email.pt', 'Eletrónicos de Última Geração'),
  (121, 'Praça dos Suprimentos, 654', '123-456-7890', 'fornecedor121@email.pt', 'Suprimentos de Qualidade Premium'),
  (122, 'Rua das Ferramentas, 789', '111-222-3333', 'fornecedor122@email.pt', 'Ferramentas de Alta Qualidade'),
  (123, 'Avenida dos Equipamentos, 456', '444-555-6666', 'fornecedor123@email.pt', 'Equipamentos de Excelência'),
  (124, 'Rua dos Materiais, 123', '777-888-9999', 'fornecedor124@email.pt', 'Materiais Resistentes'),
  (125, 'Avenida das Peças, 987', '888-999-0000', 'fornecedor125@email.pt', 'Peças de Longa Durabilidade'),
  (126, 'Praça dos Componentes, 654', '123-456-7890', 'fornecedor126@email.pt', 'Componentes Eletrónicos de Alta Qualidade'),
  (127, 'Rua das Peças, 789', '111-222-3333', 'fornecedor127@email.pt', 'Peças de Precisão'),
  (128, 'Avenida dos Componentes, 456', '444-555-6666', 'fornecedor128@email.pt', 'Componentes Robustos'),
  (129, 'Rua das Máquinas, 123', '777-888-9999', 'fornecedor129@email.pt', 'Máquinas Avançadas'),
  (130, 'Avenida dos Eletrónicos, 987', '888-999-0000', 'fornecedor130@email.pt', 'Eletrónicos Inovadores'),
  (131, 'Praça dos Suprimentos, 654', '123-456-7890', 'fornecedor131@email.pt', 'Suprimentos de Alta Qualidade'),
  (132, 'Rua das Ferramentas, 789', '111-222-3333', 'fornecedor132@email.pt', 'Ferramentas Profissionais'),
  (133, 'Avenida dos Equipamentos, 456', '444-555-6666', 'fornecedor133@email.pt', 'Equipamentos de Última Geração'),
  (134, 'Rua dos Materiais, 123', '777-888-9999', 'fornecedor134@email.pt', 'Materiais Duráveis'),
  (135, 'Avenida das Peças, 987', '888-999-0000', 'fornecedor135@email.pt', 'Peças de Alta Performance'),
  (136, 'Praça dos Componentes, 654', '123-456-7890', 'fornecedor136@email.pt', 'Componentes Eletrónicos Avançados'),
  (137, 'Rua das Peças, 789', '111-222-3333', 'fornecedor137@email.pt', 'Peças de Qualidade Superior'),
  (138, 'Avenida dos Componentes, 456', '444-555-6666', 'fornecedor138@email.pt', 'Componentes de Alta Precisão'),
  (139, 'Rua das Máquinas, 123', '777-888-9999', 'fornecedor139@email.pt', 'Máquinas de Ponta'),
  (140, 'Avenida dos Eletrónicos, 987', '888-999-0000', 'fornecedor140@email.pt', 'Eletrónicos de Última Geração'),
  (141, 'Praça dos Suprimentos, 654', '123-456-7890', 'fornecedor141@email.pt', 'Suprimentos de Qualidade Premium'),
  (142, 'Rua das Ferramentas, 789', '111-222-3333', 'fornecedor142@email.pt', 'Ferramentas de Alta Qualidade'),
  (143, 'Avenida dos Equipamentos, 456', '444-555-6666', 'fornecedor143@email.pt', 'Equipamentos de Excelência'),
  (144, 'Rua dos Materiais, 123', '777-888-9999', 'fornecedor144@email.pt', 'Materiais Resistentes'),
  (145, 'Avenida das Peças, 987', '888-999-0000', 'fornecedor145@email.pt', 'Peças de Longa Durabilidade'),
  (146, 'Praça dos Componentes, 654', '123-456-7890', 'fornecedor146@email.pt', 'Componentes Eletrónicos de Alta Qualidade'),
  (147, 'Rua das Peças, 789', '111-222-3333', 'fornecedor147@email.pt', 'Peças de Precisão'),
  (148, 'Avenida dos Componentes, 456', '444-555-6666', 'fornecedor148@email.pt', 'Componentes Robustos'),
  (149, 'Rua das Máquinas, 123', '777-888-9999', 'fornecedor149@email.pt', 'Máquinas Avançadas'),
  (150, 'Avenida dos Eletrónicos, 987', '888-999-0000', 'fornecedor150@email.pt', 'Eletrónicos Inovadores');




-- Inserção de dados aleatórios para a tabela PRODUCT
INSERT INTO PRODUCT (idProduct, price, stock, material, name, department, provider)
VALUES
  (1, 49.99, 100, 'Plástico', 'Widget A', 1, 1),
  (2, 29.99, 50, 'Metal', 'Gadget B', 2, 2),
  (3, 99.99, 30, 'Madeira', 'Produto C', 3, 3),
  (4, 39.99, 75, 'Metal', 'Gadget D', 4, 4),
  (5, 19.99, 80, 'Plástico', 'Produto E', 1, 5),
(6, 55.99, 25, 'Plástico', 'Gadget F', 2, 6),
  (7, 79.99, 40, 'Metal', 'Produto G', 3, 7),
  (8, 49.99, 20, 'Madeira', 'Widget H', 4, 8),
  (9, 33.99, 35, 'Metal', 'Gadget I', 5, 9),
  (10, 89.99, 15, 'Plástico', 'Produto J', 1, 10),
  (11, 26.99, 30, 'Metal', 'Gadget K', 2, 11),
  (12, 67.99, 22, 'Madeira', 'Widget L', 3, 12),
  (13, 45.99, 18, 'Metal', 'Gadget M', 4, 13),
  (14, 37.99, 28, 'Plástico', 'Produto N', 5, 14),
  (15, 95.99, 10, 'Madeira', 'Widget O', 1, 15),
  (16, 19.99, 32, 'Plástico', 'Produto P', 2, 16),
  (17, 53.99, 27, 'Metal', 'Gadget Q', 3, 17),
  (18, 41.99, 23, 'Madeira', 'Widget R', 4, 18),
  (19, 29.99, 16, 'Plástico', 'Produto S', 5, 19),
  (20, 74.99, 19, 'Metal', 'Gadget T', 1, 20),
  (21, 64.99, 14, 'Madeira', 'Widget U', 2, 21),
  (22, 22.99, 38, 'Metal', 'Gadget V', 3, 22),
  (23, 87.99, 12, 'Plástico', 'Produto W', 4, 23),
  (24, 31.99, 24, 'Madeira', 'Widget X', 5, 24),
  (25, 58.99, 21, 'Plástico', 'Gadget Y', 1, 25),
  (26, 82.99, 29, 'Metal', 'Produto Z', 2, 26),
  (27, 48.99, 17, 'Madeira', 'Widget AA', 3, 27),
  (28, 34.99, 26, 'Metal', 'Gadget AB', 4, 28),
  (29, 39.99, 13, 'Plástico', 'Produto AC', 5, 29),
  (30, 69.99, 31, 'Madeira', 'Widget AD', 1, 30),
  (31, 25.99, 11, 'Plástico', 'Produto AE', 2, 31),
  (32, 55.99, 33, 'Metal', 'Gadget AF', 3, 32),
  (33, 43.99, 36, 'Madeira', 'Widget AG', 4, 33),
  (34, 27.99, 37, 'Metal', 'Gadget AH', 5, 34),
  (35, 78.99, 14, 'Plástico', 'Produto AI', 1, 35),
  (36, 20.99, 28, 'Madeira', 'Widget AJ', 2, 36),
  (37, 59.99, 19, 'Plástico', 'Gadget AK', 3, 37),
  (38, 31.99, 24, 'Metal', 'Produto AL', 4, 38),
  (39, 47.99, 16, 'Madeira', 'Widget AM', 5, 39),
  (40, 72.99, 22, 'Plástico', 'Gadget AN', 1, 40),
  (41, 38.99, 26, 'Metal', 'Produto AO', 2, 41),
  (42, 63.99, 33, 'Madeira', 'Widget AP', 3, 42),
  (43, 23.99, 15, 'Plástico', 'Gadget AQ', 4, 43),
  (44, 56.99, 18, 'Metal', 'Produto AR', 5, 44),
  (45, 32.99, 29, 'Madeira', 'Widget AS', 1, 45),
  (46, 85.99, 12, 'Plástico', 'Gadget AT', 2, 46),
  (47, 28.99, 37, 'Metal', 'Produto AU', 3, 47),
  (48, 42.99, 21, 'Madeira', 'Widget AV', 4, 48),
  (49, 54.99, 17, 'Plástico', 'Gadget AW', 5, 49),
  (50, 17.99, 35, 'Metal', 'Produto AX', 1, 50),
  (51, 79.99, 26, 'Madeira', 'Widget AY', 2, 51),
  (52, 33.99, 13, 'Plástico', 'Gadget AZ', 3, 52),
  (53, 88.99, 18, 'Metal', 'Produto BA', 4, 53),
  (54, 23.99, 29, 'Madeira', 'Widget BB', 5, 54),
  (55, 67.99, 24, 'Plástico', 'Gadget BC', 1, 55),
  (56, 41.99, 16, 'Metal', 'Produto BD', 2, 56),
  (57, 58.99, 19, 'Madeira', 'Widget BE', 3, 57),
  (58, 30.99, 22, 'Plástico', 'Gadget BF', 4, 58),
  (59, 19.99, 32, 'Metal', 'Produto BG', 5, 59),
  (60, 83.99, 27, 'Madeira', 'Widget BH', 1, 60),
  (61, 55.99, 33, 'Plástico', 'Gadget BI', 2, 61),
  (62, 37.99, 18, 'Metal', 'Produto BJ', 3, 62),
  (63, 68.99, 23, 'Madeira', 'Widget BK', 4, 63),
  (64, 48.99, 21, 'Plástico', 'Gadget BL', 5, 64),
  (65, 29.99, 15, 'Metal', 'Produto BM', 1, 65),
(66, 25.99, 30, 'Madeira', 'Widget BN', 2, 66),
  (67, 57.99, 19, 'Plástico', 'Gadget BO', 3, 67),
  (68, 39.99, 24, 'Metal', 'Produto BP', 4, 68),
  (69, 17.99, 35, 'Madeira', 'Widget BQ', 5, 69),
  (70, 74.99, 21, 'Plástico', 'Gadget BR', 1, 70),
  (71, 46.99, 16, 'Metal', 'Produto BS', 2, 71),
  (72, 62.99, 27, 'Madeira', 'Widget BT', 3, 72),
  (73, 31.99, 22, 'Plástico', 'Gadget BU', 4, 73),
  (74, 53.99, 18, 'Metal', 'Produto BV', 5, 74),
  (75, 29.99, 33, 'Madeira', 'Widget BW', 1, 75),
  (76, 85.99, 24, 'Plástico', 'Gadget BX', 2, 76),
  (77, 38.99, 15, 'Metal', 'Produto BY', 3, 77),
  (78, 60.99, 20, 'Madeira', 'Widget BZ', 4, 78),
  (79, 43.99, 28, 'Plástico', 'Gadget CA', 5, 79),
  (80, 22.99, 36, 'Metal', 'Produto CB', 1, 80),
  (81, 75.99, 19, 'Madeira', 'Widget CC', 2, 81),
  (82, 49.99, 25, 'Plástico', 'Gadget CD', 3, 82),
  (83, 34.99, 14, 'Metal', 'Produto CE', 4, 83),
  (84, 55.99, 31, 'Madeira', 'Widget CF', 5, 84),
  (85, 28.99, 23, 'Plástico', 'Gadget CG', 1, 85),
  (86, 66.99, 17, 'Metal', 'Produto CH', 2, 86),
  (87, 41.99, 22, 'Madeira', 'Widget CI', 3, 87),
  (88, 19.99, 29, 'Plástico', 'Gadget CJ', 4, 88),
  (89, 50.99, 26, 'Metal', 'Produto CK', 5, 89),
  (90, 35.99, 20, 'Madeira', 'Widget CL', 1, 90),
  (91, 58.99, 15, 'Plástico', 'Gadget CM', 2, 91),
  (92, 27.99, 32, 'Metal', 'Produto CN', 3, 92),
  (93, 68.99, 18, 'Madeira', 'Widget CO', 4, 93),
  (94, 45.99, 21, 'Plástico', 'Gadget CP', 5, 94),
  (95, 80.99, 27, 'Metal', 'Produto CQ', 1, 95),
  (96, 42.99, 16, 'Madeira', 'Widget CR', 2, 96),
  (97, 63.99, 23, 'Plástico', 'Gadget CS', 3, 97),
  (98, 21.99, 29, 'Metal', 'Produto CT', 4, 98),
  (99, 52.99, 14, 'Madeira', 'Widget CU', 5, 99),
  (100, 30.99, 19, 'Plástico', 'Gadget CV', 1, 100),
  (101, 54.99, 33, 'Metal', 'Produto CW', 2, 101),
  (102, 38.99, 25, 'Madeira', 'Widget CX', 3, 102),
  (103, 17.99, 28, 'Plástico', 'Gadget CY', 4, 103),
  (104, 49.99, 22, 'Metal', 'Produto CZ', 5, 104),
  (105, 64.99, 14, 'Madeira', 'Widget DA', 1, 105),
  (106, 29.99, 26, 'Plástico', 'Gadget DB', 2, 106),
  (107, 46.99, 20, 'Metal', 'Produto DC', 3, 107),
  (108, 56.99, 17, 'Madeira', 'Widget DD', 4, 108),
  (109, 31.99, 32, 'Plástico', 'Gadget DE', 5, 109),
  (110, 75.99, 23, 'Metal', 'Produto DF', 1, 110),
  (111, 48.99, 18, 'Madeira', 'Widget DG', 2, 111),
  (112, 38.99, 21, 'Plástico', 'Gadget DH', 3, 112),
  (113, 57.99, 29, 'Metal', 'Produto DI', 4, 113),
  (114, 22.99, 15, 'Madeira', 'Widget DJ', 5, 114),
  (115, 66.99, 26, 'Plástico', 'Gadget DK', 1, 115),
  (116, 34.99, 19, 'Metal', 'Produto DL', 2, 116),
  (117, 51.99, 24, 'Madeira', 'Widget DM', 3, 117),
  (118, 19.99, 35, 'Plástico', 'Gadget DN', 4, 118),
  (119, 43.99, 30, 'Metal', 'Produto DO', 5, 119),
  (120, 59.99, 16, 'Madeira', 'Widget DP', 1, 120),
  (121, 27.99, 22, 'Plástico', 'Gadget DQ', 2, 121),
  (122, 45.99, 28, 'Metal', 'Produto DR', 3, 122),
  (123, 68.99, 25, 'Madeira', 'Widget DS', 4, 123),
  (124, 38.99, 13, 'Plástico', 'Gadget DT', 5, 124),
  (125, 50.99, 31, 'Metal', 'Produto DU', 1, 125),
  (126, 26.99, 17, 'Madeira', 'Widget DV', 2, 126),
  (127, 63.99, 20, 'Plástico', 'Gadget DW', 3, 127),
  (128, 33.99, 29, 'Metal', 'Produto DX', 4, 128),
  (129, 57.99, 14, 'Madeira', 'Widget DY', 5, 129),
  (130, 40.99, 26, 'Plástico', 'Gadget DZ', 1, 130),
  (131, 19.99, 18, 'Metal', 'Produto EA', 2, 131),
  (132, 52.99, 24, 'Madeira', 'Widget EB', 3, 132),
  (133, 30.99, 35, 'Plástico', 'Gadget EC', 4, 133),
  (134, 44.99, 22, 'Metal', 'Produto ED', 5, 134),
  (135, 59.99, 16, 'Madeira', 'Widget EE', 1, 135),
  (136, 28.99, 20, 'Plástico', 'Gadget EF', 2, 136),
  (137, 49.99, 27, 'Metal', 'Produto EG', 3, 137),
  (138, 37.99, 13, 'Madeira', 'Widget EH', 4, 138),
  (139, 65.99, 29, 'Plástico', 'Gadget EI', 5, 139),
  (140, 42.99, 24, 'Metal', 'Produto EJ', 1, 140),
  (141, 56.99, 18, 'Madeira', 'Widget EK', 2, 141),
  (142, 33.99, 21, 'Plástico', 'Gadget EL', 3, 142),
  (143, 68.99, 32, 'Metal', 'Produto EM', 4, 143),
  (144, 27.99, 15, 'Madeira', 'Widget EN', 5, 144),
  (145, 50.99, 30, 'Plástico', 'Gadget EO', 1, 145),
  (146, 35.99, 17, 'Metal', 'Produto EP', 2, 146),
  (147, 45.99, 23, 'Madeira', 'Widget EQ', 3, 147),
  (148, 63.99, 28, 'Plástico', 'Gadget ER', 4, 148),
  (149, 29.99, 19, 'Metal', 'Produto ES', 5, 149),
  (150, 52.99, 25, 'Madeira', 'Widget ET', 1, 150);

-- Inserção de dados aleatórios para a tabela SELL
INSERT INTO SELL (idSell, price, date, payment_format, idClient, idProduct)
VALUES
  (1, 49.99, '2023-01-01', 'Cartão de Crédito', 123456789, 1),
  (2, 29.99, '2023-02-01', 'PayPal', 987654321, 2),
  (3, 99.99, '2023-03-01', 'Transferência Bancária', 111222333, 3),
  (4, 39.99, '2023-04-01', 'Boleto', 444555666, 4),
  (5, 19.99, '2023-05-01', 'Cartão de Débito', 555666777, 5),
(6, 24.99, '2023-06-01', 'Cartão de Crédito', 555666777, 6),
  (7, 37.99, '2023-06-02', 'PayPal', 123456789, 7),
  (8, 59.99, '2023-06-03', 'Transferência Bancária', 987654321, 8),
  (9, 18.99, '2023-06-04', 'Boleto', 111222333, 9),
  (10, 45.99, '2023-06-05', 'Cartão de Débito', 444555666, 10),
  (11, 28.99, '2023-06-06', 'Cartão de Crédito', 555666777, 11),
  (12, 53.99, '2023-06-07', 'PayPal', 123456789, 12),
  (13, 41.99, '2023-06-08', 'Transferência Bancária', 987654321, 13),
  (14, 19.99, '2023-06-09', 'Boleto', 111222333, 14),
  (15, 37.99, '2023-06-10', 'Cartão de Débito', 444555666, 15),
  (16, 61.99, '2023-06-11', 'Cartão de Crédito', 555666777, 16),
  (17, 29.99, '2023-06-12', 'PayPal', 123456789, 17),
  (18, 46.99, '2023-06-13', 'Transferência Bancária', 987654321, 18),
  (19, 34.99, '2023-06-14', 'Boleto', 111222333, 19),
  (20, 22.99, '2023-06-15', 'Cartão de Débito', 444555666, 20),
  (21, 39.99, '2023-06-16', 'Cartão de Crédito', 555666777, 21),
  (22, 56.99, '2023-06-17', 'PayPal', 123456789, 22),
  (23, 44.99, '2023-06-18', 'Transferência Bancária', 987654321, 23),
  (24, 32.99, '2023-06-19', 'Boleto', 111222333, 24),
  (25, 20.99, '2023-06-20', 'Cartão de Débito', 444555666, 25),
  (26, 48.99, '2023-06-21', 'Cartão de Crédito', 555666777, 26),
  (27, 65.99, '2023-06-22', 'PayPal', 123456789, 27),
  (28, 33.99, '2023-06-23', 'Transferência Bancária', 987654321, 28),
  (29, 21.99, '2023-06-24', 'Boleto', 111222333, 29),
  (30, 57.99, '2023-06-25', 'Cartão de Débito', 444555666, 30),
  (31, 44.99, '2023-06-26', 'Cartão de Crédito', 555666777, 31),
  (32, 31.99, '2023-06-27', 'PayPal', 123456789, 32),
  (33, 19.99, '2023-06-28', 'Transferência Bancária', 987654321, 33),
  (34, 37.99, '2023-06-29', 'Boleto', 111222333, 34),
  (35, 53.99, '2023-06-30', 'Cartão de Débito', 444555666, 35),
  (36, 40.99, '2023-07-01', 'Cartão de Crédito', 555666777, 36),
  (37, 28.99, '2023-07-02', 'PayPal', 123456789, 37),
  (38, 45.99, '2023-07-03', 'Transferência Bancária', 987654321, 38),
  (39, 22.99, '2023-07-04', 'Boleto', 111222333, 39),
  (40, 58.99, '2023-07-05', 'Cartão de Débito', 444555666, 40),
  (41, 35.99, '2023-07-06', 'Cartão de Crédito', 555666777, 41),
  (42, 23.99, '2023-07-07', 'PayPal', 123456789, 42),
  (43, 49.99, '2023-07-08', 'Transferência Bancária', 987654321, 43),
  (44, 26.99, '2023-07-09', 'Boleto', 111222333, 44),
  (45, 42.99, '2023-07-10', 'Cartão de Débito', 444555666, 45),
  (46, 29.99, '2023-07-11', 'Cartão de Crédito', 555666777, 46),
  (47, 54.99, '2023-07-12', 'PayPal', 123456789, 47),
  (48, 31.99, '2023-07-13', 'Transferência Bancária', 987654321, 48),
  (49, 19.99, '2023-07-14', 'Boleto', 111222333, 49),
  (50, 37.99, '2023-07-15', 'Cartão de Débito', 444555666, 50),
  (51, 64.99, '2023-07-16', 'Cartão de Crédito', 555666777, 51),
  (52, 32.99, '2023-07-17', 'PayPal', 123456789, 52),
  (53, 20.99, '2023-07-18', 'Transferência Bancária', 987654321, 53),
  (54, 38.99, '2023-07-19', 'Boleto', 111222333, 54),
  (55, 55.99, '2023-07-20', 'Cartão de Débito', 444555666, 55),
  (56, 42.99, '2023-07-21', 'Cartão de Crédito', 555666777, 56),
  (57, 29.99, '2023-07-22', 'PayPal', 123456789, 57),
  (58, 46.99, '2023-07-23', 'Transferência Bancária', 987654321, 58),
  (59, 24.99, '2023-07-24', 'Boleto', 111222333, 59),
  (60, 50.99, '2023-07-25', 'Cartão de Débito', 444555666, 60),
  (61, 37.99, '2023-07-26', 'Cartão de Crédito', 555666777, 61),
  (62, 14.99, '2023-07-27', 'PayPal', 123456789, 62),
  (63, 31.99, '2023-07-28', 'Transferência Bancária', 987654321, 63),
  (64, 19.99, '2023-07-29', 'Boleto', 111222333, 64),
  (65, 45.99, '2023-07-30', 'Cartão de Débito', 444555666, 65),
  (66, 32.99, '2023-07-31', 'Cartão de Crédito', 555666777, 66),
  (67, 59.99, '2023-08-01', 'PayPal', 123456789, 67),
  (68, 26.99, '2023-08-02', 'Transferência Bancária', 987654321, 68),
  (69, 14.99, '2023-08-03', 'Boleto', 111222333, 69),
  (70, 40.99, '2023-08-04', 'Cartão de Débito', 444555666, 70),
  (71, 58.99, '2023-08-05', 'Cartão de Crédito', 555666777, 71),
  (72, 25.99, '2023-08-06', 'PayPal', 123456789, 72),
  (73, 43.99, '2023-08-07', 'Transferência Bancária', 987654321, 73),
  (74, 21.99, '2023-08-08', 'Boleto', 111222333, 74),
  (75, 39.99, '2023-08-09', 'Cartão de Débito', 444555666, 75),
  (76, 57.99, '2023-08-10', 'Cartão de Crédito', 555666777, 76),
  (77, 34.99, '2023-08-11', 'PayPal', 123456789, 77),
  (78, 12.99, '2023-08-12', 'Transferência Bancária', 987654321, 78),
  (79, 50.99, '2023-08-13', 'Boleto', 111222333, 79),
  (80, 27.99, '2023-08-14', 'Cartão de Débito', 444555666, 80),
(81, 37.99, '2023-06-01', 'Cartão de Crédito', 111222333, 81),
  (82, 59.99, '2023-06-02', 'PayPal', 444555666, 82),
  (83, 28.99, '2023-06-03', 'Transferência Bancária', 555666777, 83),
  (84, 46.99, '2023-06-04', 'Boleto', 123456789, 84),
  (85, 72.99, '2023-06-05', 'Cartão de Débito', 987654321, 85),
  (86, 34.99, '2023-06-06', 'Cartão de Crédito', 111222333, 86),
  (87, 54.99, '2023-06-07', 'PayPal', 444555666, 87),
  (88, 27.99, '2023-06-08', 'Transferência Bancária', 555666777, 88),
  (89, 49.99, '2023-06-09', 'Boleto', 123456789, 89),
  (90, 65.99, '2023-06-10', 'Cartão de Débito', 987654321, 90),
  (91, 31.99, '2023-06-11', 'Cartão de Crédito', 111222333, 91),
  (92, 53.99, '2023-06-12', 'PayPal', 444555666, 92),
  (93, 29.99, '2023-06-13', 'Transferência Bancária', 555666777, 93),
  (94, 44.99, '2023-06-14', 'Boleto', 123456789, 94),
  (95, 69.99, '2023-06-15', 'Cartão de Débito', 987654321, 95),
  (96, 38.99, '2023-06-16', 'Cartão de Crédito', 111222333, 96),
  (97, 57.99, '2023-06-17', 'PayPal', 444555666, 97),
  (98, 24.99, '2023-06-18', 'Transferência Bancária', 555666777, 98),
  (99, 47.99, '2023-06-19', 'Boleto', 123456789, 99),
  (100, 73.99, '2023-06-20', 'Cartão de Débito', 987654321, 100),
  (101, 41.99, '2023-06-21', 'Cartão de Crédito', 111222333, 101),
  (102, 61.99, '2023-06-22', 'PayPal', 444555666, 102),
  (103, 33.99, '2023-06-23', 'Transferência Bancária', 555666777, 103),
  (104, 48.99, '2023-06-24', 'Boleto', 123456789, 104),
  (105, 64.99, '2023-06-25', 'Cartão de Débito', 987654321, 105),
  (106, 36.99, '2023-06-26', 'Cartão de Crédito', 111222333, 106),
  (107, 56.99, '2023-06-27', 'PayPal', 444555666, 107),
  (108, 26.99, '2023-06-28', 'Transferência Bancária', 555666777, 108),
  (109, 45.99, '2023-06-29', 'Boleto', 123456789, 109),
  (110, 71.99, '2023-06-30', 'Cartão de Débito', 987654321, 110),
  (111, 40.99, '2023-07-01', 'Cartão de Crédito', 111222333, 111),
  (112, 60.99, '2023-07-02', 'PayPal', 444555666, 112),
  (113, 32.99, '2023-07-03', 'Transferência Bancária', 555666777, 113),
  (114, 49.99, '2023-07-04', 'Boleto', 123456789, 114),
  (115, 67.99, '2023-07-05', 'Cartão de Débito', 987654321, 115),
  (116, 35.99, '2023-07-06', 'Cartão de Crédito', 111222333, 116),
  (117, 55.99, '2023-07-07', 'PayPal', 444555666, 117),
  (118, 25.99, '2023-07-08', 'Transferência Bancária', 555666777, 118),
  (119, 46.99, '2023-07-09', 'Boleto', 123456789, 119),
  (120, 63.99, '2023-07-10', 'Cartão de Débito', 987654321, 120),
  (121, 29.99, '2023-07-11', 'Cartão de Crédito', 111222333, 121),
  (122, 45.99, '2023-07-12', 'PayPal', 444555666, 122),
  (123, 68.99, '2023-07-13', 'Transferência Bancária', 555666777, 123),
  (124, 38.99, '2023-07-14', 'Boleto', 123456789, 124),
  (125, 50.99, '2023-07-15', 'Cartão de Débito', 987654321, 125),
  (126, 26.99, '2023-07-16', 'Cartão de Crédito', 111222333, 126),
  (127, 63.99, '2023-07-17', 'PayPal', 444555666, 127),
  (128, 33.99, '2023-07-18', 'Transferência Bancária', 555666777, 128),
  (129, 57.99, '2023-07-19', 'Boleto', 123456789, 129),
  (130, 40.99, '2023-07-20', 'Cartão de Débito', 987654321, 130),
  (131, 19.99, '2023-07-21', 'Cartão de Crédito', 111222333, 131),
  (132, 52.99, '2023-07-22', 'PayPal', 444555666, 132),
  (133, 30.99, '2023-07-23', 'Transferência Bancária', 555666777, 133),
  (134, 44.99, '2023-07-24', 'Boleto', 123456789, 134),
  (135, 59.99, '2023-07-25', 'Cartão de Débito', 987654321, 135),
  (136, 28.99, '2023-07-26', 'Cartão de Crédito', 111222333, 136),
  (137, 49.99, '2023-07-27', 'PayPal', 444555666, 137),
  (138, 37.99, '2023-07-28', 'Transferência Bancária', 555666777, 138),
  (139, 65.99, '2023-07-29', 'Boleto', 123456789, 139),
  (140, 42.99, '2023-07-30', 'Cartão de Débito', 987654321, 140),
  (141, 56.99, '2023-07-31', 'Cartão de Crédito', 111222333, 141),
  (142, 33.99, '2023-08-01', 'PayPal', 444555666, 142),
  (143, 68.99, '2023-08-02', 'Transferência Bancária', 555666777, 143),
  (144, 27.99, '2023-08-03', 'Boleto', 123456789, 144),
  (145, 50.99, '2023-08-04', 'Cartão de Débito', 987654321, 145),
(146, 35.99, '2023-08-05', 'Cartão de Crédito', 111222333, 146),
  (147, 54.99, '2023-08-06', 'PayPal', 444555666, 147),
  (148, 28.99, '2023-08-07', 'Transferência Bancária', 555666777, 148),
  (149, 46.99, '2023-08-08', 'Boleto', 123456789, 149),
  (150, 72.99, '2023-08-09', 'Cartão de Débito', 987654321, 150);

-- Inserção de dados aleatórios para a tabela CLIENTSELLPRODUCT
INSERT INTO CLIENTSELLPRODUCT (client, sell, product)
VALUES
  (111222333, 1, 1),
  (444555666, 2, 2),
  (555666777, 3, 3),
  (123456789, 4, 4),
  (987654321, 5, 5),
  (111222333, 6, 6),
  (444555666, 7, 7),
  (555666777, 8, 8),
  (123456789, 9, 9),
  (987654321, 10, 10),
  (111222333, 11, 11),
  (444555666, 12, 12),
  (555666777, 13, 13),
  (123456789, 14, 14),
  (987654321, 15, 15),
  (111222333, 16, 16),
  (444555666, 17, 17),
  (555666777, 18, 18),
  (123456789, 19, 19),
  (987654321, 20, 20),
  (111222333, 21, 21),
  (444555666, 22, 22),
  (555666777, 23, 23),
  (123456789, 24, 24),
  (987654321, 25, 25),
  (111222333, 26, 26),
  (444555666, 27, 27),
  (555666777, 28, 28),
  (123456789, 29, 29),
  (987654321, 30, 30),
  (111222333, 31, 31),
  (444555666, 32, 32),
  (555666777, 33, 33),
  (123456789, 34, 34),
  (987654321, 35, 35),
  (111222333, 36, 36),
  (444555666, 37, 37),
  (555666777, 38, 38),
  (123456789, 39, 39),
  (987654321, 40, 40),
  (111222333, 41, 41),
  (444555666, 42, 42),
  (555666777, 43, 43),
  (123456789, 44, 44),
  (987654321, 45, 45),
  (111222333, 46, 46),
  (444555666, 47, 47),
  (555666777, 48, 48),
  (123456789, 49, 49),
  (987654321, 50, 50),
  (111222333, 51, 51),
  (444555666, 52, 52),
  (555666777, 53, 53),
  (123456789, 54, 54),
  (987654321, 55, 55),
  (111222333, 56, 56),
  (444555666, 57, 57),
  (555666777, 58, 58),
  (123456789, 59, 59),
  (987654321, 60, 60),
  (111222333, 61, 61),
  (444555666, 62, 62),
  (555666777, 63, 63),
  (123456789, 64, 64),
  (987654321, 65, 65),
  (111222333, 66, 66),
  (444555666, 67, 67),
  (555666777, 68, 68),
  (123456789, 69, 69),
  (987654321, 70, 70),
  (111222333, 71, 71),
  (444555666, 72, 72),
  (555666777, 73, 73),
  (123456789, 74, 74),
  (987654321, 75, 75),
  (111222333, 76, 76),
  (444555666, 77, 77),
  (555666777, 78, 78),
  (123456789, 79, 79),
  (987654321, 80, 80),
  (111222333, 81, 81),
  (444555666, 82, 82),
  (555666777, 83, 83),
  (123456789, 84, 84),
  (987654321, 85, 85),
  (111222333, 86, 86),
  (444555666, 87, 87),
  (555666777, 88, 88),
  (123456789, 89, 89),
  (987654321, 90, 90),
  (111222333, 91, 91),
  (444555666, 92, 92),
  (555666777, 93, 93),
  (123456789, 94, 94),
  (987654321, 95, 95),
  (111222333, 96, 96),
  (444555666, 97, 97),
  (555666777, 98, 98),
  (123456789, 99, 99),
  (987654321, 100, 100),
(111222333, 101, 101),
  (444555666, 102, 102),
  (555666777, 103, 103),
  (123456789, 104, 104),
  (987654321, 105, 105),
  (111222333, 106, 106),
  (444555666, 107, 107),
  (555666777, 108, 108),
  (123456789, 109, 109),
  (987654321, 110, 110),
  (111222333, 111, 111),
  (444555666, 112, 112),
  (555666777, 113, 113),
  (123456789, 114, 114),
  (987654321, 115, 115),
  (111222333, 116, 116),
  (444555666, 117, 117),
  (555666777, 118, 118),
  (123456789, 119, 119),
  (987654321, 120, 120),
  (111222333, 121, 121),
  (444555666, 122, 122),
  (555666777, 123, 123),
  (123456789, 124, 124),
  (987654321, 125, 125),
  (111222333, 126, 126),
  (444555666, 127, 127),
  (555666777, 128, 128),
  (123456789, 129, 129),
  (987654321, 130, 130),
  (111222333, 131, 131),
  (444555666, 132, 132),
  (555666777, 133, 133),
  (123456789, 134, 134),
  (987654321, 135, 135),
  (111222333, 136, 136),
  (444555666, 137, 137),
  (555666777, 138, 138),
  (123456789, 139, 139),
  (987654321, 140, 140),
  (111222333, 141, 141),
  (444555666, 142, 142),
  (555666777, 143, 143),
  (123456789, 144, 144),
  (987654321, 145, 145),
  (111222333, 146, 146),
  (444555666, 147, 147),
  (555666777, 148, 148),
  (123456789, 149, 149),
  (987654321, 150, 150);


-- Inserção de dados aleatórios para a tabela AVALIATION
INSERT INTO AVALIATION (idAvaliation, stars, description, date, product, client)
VALUES
  (1, 4, 'Produto excelente!', '2023-01-05', 1, 123456789),
  (2, 5, 'Serviço impecável!', '2023-02-10', 2, 987654321),
  (3, 3, 'Boa qualidade, mas demorou na entrega', '2023-03-15', 3, 111222333),
  (4, 5, 'Ótimo atendimento!', '2023-04-20', 4, 444555666),
  (5, 4, 'Produto atendeu às expectativas', '2023-05-25', 5, 555666777),
  (6, 4, 'Bom atendimento, mas o produto poderia ser melhor', '2023-06-01', 6, 6),
  (7, 3, 'Produto com boa relação qualidade-preço', '2023-07-01', 7, 7),
  (8, 5, 'Entrega rápida e produto de qualidade', '2023-08-01', 8, 8),
  (9, 4, 'Atendimento eficiente', '2023-09-01', 9, 9),
  (10, 2, 'Produto danificado na entrega', '2023-10-01', 10, 10),
  (11, 5, 'Superou as expectativas', '2023-11-01', 11, 11),
  (12, 3, 'Produto cumpre o prometido', '2023-12-01', 12, 12),
  (13, 4, 'Atendimento cordial', '2024-01-01', 13, 13),
  (14, 5, 'Produto excelente, recomendo', '2024-02-01', 14, 14),
  (15, 3, 'Demora na entrega', '2024-03-01', 15, 15),
  (16, 4, 'Satisfeito com a compra', '2024-04-01', 16, 16),
  (17, 5, 'Produto de alta qualidade', '2024-05-01', 17, 17),
  (18, 2, 'Problemas na embalagem', '2024-06-01', 18, 18),
  (19, 4, 'Boa experiência de compra', '2024-07-01', 19, 19),
  (20, 5, 'Recomendo, entrega rápida', '2024-08-01', 20, 20),
  (21, 3, 'Produto conforme descrição', '2024-09-01', 21, 21),
  (22, 4, 'Atendimento eficaz', '2024-10-01', 22, 22),
  (23, 5, 'Satisfeito com o produto', '2024-11-01', 23, 23),
  (24, 3, 'Poderia melhorar na entrega', '2024-12-01', 24, 24),
  (25, 4, 'Produto de boa qualidade', '2025-01-01', 25, 25),
  (26, 5, 'Entrega antes do prazo', '2025-02-01', 26, 26),
  (27, 3, 'Problemas na comunicação', '2025-03-01', 27, 27),
  (28, 4, 'Atendimento atencioso', '2025-04-01', 28, 28),
  (29, 5, 'Produto atendeu às expectativas', '2025-05-01', 29, 29),
  (30, 3, 'Entrega demorada', '2025-06-01', 30, 30),
  (31, 4, 'Produto de qualidade superior', '2025-07-01', 31, 31),
  (32, 5, 'Excelente atendimento', '2025-08-01', 32, 32),
  (33, 3, 'Problemas na embalagem', '2025-09-01', 33, 33),
  (34, 4, 'Satisfeito com a compra', '2025-10-01', 34, 34),
  (35, 5, 'Produto chegou em perfeitas condições', '2025-11-01', 35, 35),
  (36, 3, 'Atendimento rápido', '2025-12-01', 36, 36),
  (37, 4, 'Produto conforme anunciado', '2026-01-01', 37, 37),
  (38, 5, 'Recomendo, excelente produto', '2026-02-01', 38, 38),
  (39, 3, 'Problemas na entrega', '2026-03-01', 39, 39),
  (40, 4, 'Boa qualidade do produto', '2026-04-01', 40, 40),
  (41, 5, 'Satisfeito com a compra', '2026-05-01', 41, 41),
  (42, 3, 'Atendimento eficiente', '2026-06-01', 42, 42),
  (43, 4, 'Produto durável', '2026-07-01', 43, 43),
  (44, 5, 'Excelente custo-benefício', '2026-08-01', 44, 44),
  (45, 3, 'Problemas na entrega', '2026-09-01', 45, 45),
  (46, 4, 'Atendimento cordial', '2026-10-01', 46, 46),
  (47, 5, 'Produto de alta qualidade', '2026-11-01', 47, 47),
  (48, 3, 'Demora na entrega', '2026-12-01', 48, 48),
  (49, 4, 'Boa experiência de compra', '2027-01-01', 49, 49),
  (50, 5, 'Recomendo, entrega rápida', '2027-02-01', 50, 50),
  (51, 3, 'Produto conforme descrição', '2027-03-01', 51, 51),
  (52, 4, 'Atendimento eficaz', '2027-04-01', 52, 52),
  (53, 5, 'Satisfeito com o produto', '2027-05-01', 53, 53),
  (54, 3, 'Poderia melhorar na entrega', '2027-06-01', 54, 54),
  (55, 4, 'Produto de boa qualidade', '2027-07-01', 55, 55),
  (56, 5, 'Entrega antes do prazo', '2027-08-01', 56, 56),
  (57, 3, 'Problemas na comunicação', '2027-09-01', 57, 57),
  (58, 4, 'Atendimento atencioso', '2027-10-01', 58, 58),
  (59, 5, 'Produto atendeu às expectativas', '2027-11-01', 59, 59),
  (60, 3, 'Entrega demorada', '2027-12-01', 60, 60),
  (61, 4, 'Produto de qualidade superior', '2028-01-01', 61, 61),
  (62, 5, 'Excelente atendimento', '2028-02-01', 62, 62),
  (63, 3, 'Problemas na embalagem', '2028-03-01', 63, 63),
  (64, 4, 'Satisfeito com a compra', '2028-04-01', 64, 64),
  (65, 5, 'Produto chegou em perfeitas condições', '2028-05-01', 65, 65),
  (66, 3, 'Atendimento rápido', '2028-06-01', 66, 66),
  (67, 4, 'Produto conforme anunciado', '2028-07-01', 67, 67),
  (68, 5, 'Recomendo, excelente produto', '2028-08-01', 68, 68),
  (69, 3, 'Problemas na entrega', '2028-09-01', 69, 69),
  (70, 4, 'Boa qualidade do produto', '2028-10-01', 70, 70),
  (71, 5, 'Satisfeito com a compra', '2028-11-01', 71, 71),
  (72, 3, 'Atendimento eficiente', '2028-12-01', 72, 72),
  (73, 4, 'Produto durável', '2029-01-01', 73, 73),
  (74, 5, 'Excelente custo-benefício', '2029-02-01', 74, 74),
  (75, 3, 'Problemas na entrega', '2029-03-01', 75, 75),
  (76, 4, 'Atendimento cordial', '2029-04-01', 76, 76),
  (77, 5, 'Produto de alta qualidade', '2029-05-01', 77, 77),
  (78, 3, 'Demora na entrega', '2029-06-01', 78, 78),
  (79, 4, 'Boa experiência de compra', '2029-07-01', 79, 79),
  (80, 5, 'Recomendo, entrega rápida', '2029-08-01', 80, 80),
  (81, 3, 'Produto conforme descrição', '2029-09-01', 81, 81),
  (82, 4, 'Atendimento eficaz', '2029-10-01', 82, 82),
  (83, 5, 'Satisfeito com o produto', '2029-11-01', 83, 83),
  (84, 3, 'Poderia melhorar na entrega', '2029-12-01', 84, 84),
  (85, 4, 'Produto de boa qualidade', '2030-01-01', 85, 85),
  (86, 5, 'Entrega antes do prazo', '2030-02-01', 86, 86),
  (87, 3, 'Problemas na comunicação', '2030-03-01', 87, 87),
  (88, 4, 'Atendimento atencioso', '2030-04-01', 88, 88),
  (89, 5, 'Produto atendeu às expectativas', '2030-05-01', 89, 89),
  (90, 3, 'Entrega demorada', '2030-06-01', 90, 90),
  (91, 4, 'Produto de qualidade superior', '2030-07-01', 91, 91),
  (92, 5, 'Excelente atendimento', '2030-08-01', 92, 92),
  (93, 3, 'Problemas na embalagem', '2030-09-01', 93, 93),
  (94, 4, 'Satisfeito com a compra', '2030-10-01', 94, 94),
  (95, 5, 'Produto chegou em perfeitas condições', '2030-11-01', 95, 95),
  (96, 3, 'Atendimento rápido', '2030-12-01', 96, 96),
  (97, 4, 'Produto conforme anunciado', '2031-01-01', 97, 97),
  (98, 5, 'Recomendo, excelente produto', '2031-02-01', 98, 98),
  (99, 3, 'Problemas na entrega', '2031-03-01', 99, 99),
  (100, 4, 'Boa qualidade do produto', '2031-04-01', 100, 100),
  (101, 5, 'Satisfeito com a compra', '2031-05-01', 101, 101),
  (102, 3, 'Atendimento eficiente', '2031-06-01', 102, 102),
(103, 4, 'Bom serviço, entrega rápida', '2023-07-15', 105, 105),
  (104, 5, 'Produto excelente, superou as expectativas', '2023-08-01', 106, 106),
  (105, 3, 'Atendimento ao cliente pode melhorar', '2023-08-15', 107, 107),
  (106, 5, 'Entrega dentro do prazo, produto de qualidade', '2023-09-01', 108, 108),
  (107, 4, 'Boa comunicação e suporte pós-venda', '2023-09-15', 109, 109),
  (108, 2, 'Produto chegou com defeito', '2023-10-01', 110, 110),
  (109, 5, 'Recomendo, excelente atendimento', '2023-10-15', 111, 111),
  (110, 3, 'Atraso na entrega, mas produto é bom', '2023-11-01', 112, 112),
  (111, 4, 'Boa relação qualidade-preço', '2023-11-15', 113, 113),
  (112, 5, 'Produto muito bom, recomendo!', '2023-12-01', 114, 114),
  (113, 3, 'Demorou um pouco na entrega', '2023-12-15', 115, 115),
  (114, 5, 'Atendimento excelente, entrega rápida', '2024-01-01', 116, 116),
  (115, 4, 'Produto conforme anunciado', '2024-01-15', 117, 117),
  (116, 2, 'Problemas na comunicação com o suporte', '2024-02-01', 118, 118),
  (117, 5, 'Superou minhas expectativas', '2024-02-15', 119, 119),
  (118, 3, 'Produto de qualidade, mas caro', '2024-03-01', 120, 120),
  (119, 4, 'Entrega dentro do prazo, satisfeito', '2024-03-15', 121, 121),
  (120, 5, 'Excelente atendimento ao cliente', '2024-04-01', 122, 122),
  (121, 3, 'Problemas na embalagem durante a entrega', '2024-04-15', 123, 123),
  (122, 4, 'Produto corresponde à descrição', '2024-05-01', 124, 124),
  (123, 5, 'Atendimento rápido e eficiente', '2024-05-15', 125, 125),
  (124, 3, 'Produto chegou com pequenos danos', '2024-06-01', 126, 126),
  (125, 4, 'Boa experiência de compra', '2024-06-15', 127, 127),
  (126, 5, 'Recomendo, entrega rápida e produto de qualidade', '2024-07-01', 128, 128),
  (127, 3, 'Atendimento poderia ser mais ágil', '2024-07-15', 129, 129),
  (128, 4, 'Produto bom, entrega demorada', '2024-08-01', 130, 130),
  (129, 5, 'Ótimo atendimento, entrega no prazo', '2024-08-15', 131, 131),
  (130, 3, 'Problemas na embalagem, mas produto ok', '2024-09-01', 132, 132),
  (131, 4, 'Atendimento cordial, entrega rápida', '2024-09-15', 133, 133),
  (132, 5, 'Satisfeito com a compra', '2024-10-01', 134, 134),
  (133, 3, 'Produto com qualidade inferior à esperada', '2024-10-15', 135, 135),
  (134, 4, 'Entrega dentro do prazo, produto conforme descrição', '2024-11-01', 136, 136),
  (135, 5, 'Recomendo, ótimo atendimento', '2024-11-15', 137, 137),
  (136, 3, 'Problemas na embalagem durante a entrega', '2024-12-01', 138, 138),
  (137, 4, 'Atendimento rápido e eficiente', '2024-12-15', 139, 139),
  (138, 5, 'Produto de qualidade, entrega rápida', '2025-01-01', 140, 140),
  (139, 3, 'Atendimento poderia ser melhor', '2025-01-15', 141, 141),
  (140, 4, 'Produto conforme descrição', '2025-02-01', 142, 142),
  (141, 5, 'Satisfeito com a compra', '2025-02-15', 143, 143),
  (142, 3, 'Demora na entrega, mas produto é bom', '2025-03-01', 144, 144),
  (143, 4, 'Atendimento cordial, entrega rápida', '2025-03-15', 145, 145),
  (144, 5, 'Produto de qualidade', '2025-04-01', 146, 146),
  (145, 3, 'Problemas na embalagem durante a entrega', '2025-04-15', 147, 147),
  (146, 4, 'Atendimento rápido e eficiente', '2025-05-01', 148, 148),
  (147, 5, 'Produto conforme descrição', '2025-05-15', 149, 149),
  (148, 3, 'Problemas na embalagem durante a entrega', '2025-06-01', 150, 150),
  (149, 4, 'Atendimento eficiente, entrega dentro do prazo', '2025-06-15', 151, 151),
  (150, 5, 'Produto de qualidade, recomendo!', '2025-07-01', 152, 152);

-- Inserção de dados aleatórios para a tabela CLIENTAVALIATIONPRODUCT
INSERT INTO CLIENTAVALIATIONPRODUCT (client, avaliation, product)
VALUES
(151, 1, 1), (152, 2, 2), (153, 3, 3), (154, 4, 4), (155, 5, 5),
  (156, 6, 6), (157, 7, 7), (158, 8, 8), (159, 9, 9), (160, 10, 10),
  (161, 11, 11), (162, 12, 12), (163, 13, 13), (164, 14, 14), (165, 15, 15),
  (166, 16, 16), (167, 17, 17), (168, 18, 18), (169, 19, 19), (170, 20, 20),
  (171, 21, 21), (172, 22, 22), (173, 23, 23), (174, 24, 24), (175, 25, 25),
  (176, 26, 26), (177, 27, 27), (178, 28, 28), (179, 29, 29), (180, 30, 30),
  (181, 31, 31), (182, 32, 32), (183, 33, 33), (184, 34, 34), (185, 35, 35),
  (186, 36, 36), (187, 37, 37), (188, 38, 38), (189, 39, 39), (190, 40, 40),
  (191, 41, 41), (192, 42, 42), (193, 43, 43), (194, 44, 44), (195, 45, 45),
  (196, 46, 46), (197, 47, 47), (198, 48, 48), (199, 49, 49), (200, 50, 50),
  (201, 51, 51), (202, 52, 52), (203, 53, 53), (204, 54, 54), (205, 55, 55),
  (206, 56, 56), (207, 57, 57), (208, 58, 58), (209, 59, 59), (210, 60, 60),
  (211, 61, 61), (212, 62, 62), (213, 63, 63), (214, 64, 64), (215, 65, 65),
  (216, 66, 66), (217, 67, 67), (218, 68, 68), (219, 69, 69), (220, 70, 70),
  (221, 71, 71), (222, 72, 72), (223, 73, 73), (224, 74, 74), (225, 75, 75),
  (226, 76, 76), (227, 77, 77), (228, 78, 78), (229, 79, 79), (230, 80, 80),
  (231, 81, 81), (232, 82, 82), (233, 83, 83), (234, 84, 84), (235, 85, 85),
  (236, 86, 86), (237, 87, 87), (238, 88, 88), (239, 89, 89), (240, 90, 90),
  (241, 91, 91), (242, 92, 92), (243, 93, 93), (244, 94, 94), (245, 95, 95),
  (246, 96, 96), (247, 97, 97), (248, 98, 98), (249, 99, 99), (250, 100, 100),
  (251, 101, 101), (252, 102, 102), (253, 103, 103), (254, 104, 104), (255, 105, 105),
  (256, 106, 106), (257, 107, 107), (258, 108, 108), (259, 109, 109), (260, 110, 110),
  (261, 111, 111), (262, 112, 112), (263, 113, 113), (264, 114, 114), (265, 115, 115),
  (266, 116, 116), (267, 117, 117), (268, 118, 118), (269, 119, 119), (270, 120, 120),
  (271, 121, 121), (272, 122, 122), (273, 123, 123), (274, 124, 124), (275, 125, 125),
  (276, 126, 126), (277, 127, 127), (278, 128, 128), (279, 129, 129), (280, 130, 130),
  (281, 131, 131), (282, 132, 132), (283, 133, 133), (284, 134, 134), (285, 135, 135),
  (286, 136, 136), (287, 137, 137), (288, 138, 138), (289, 139, 139), (290, 140, 140),
  (291, 141, 141), (292, 142, 142), (293, 143, 143), (294, 144, 144), (295, 145, 145);


-- Inserção de dados aleatórios para a tabela MARKETCAMPAIGN
INSERT INTO MARKETCAMPAIGN (idMarketCampaign, discount, channel, product)
VALUES
  (1, 0.2, 'Online', 1), (2, 0.1, 'Loja Física', 2), (3, 0.15, 'Redes Sociais', 3),
  (4, 0.3, 'E-mail Marketing', 4), (5, 0.25, 'Feiras e Eventos', 5),
  (6, 0.2, 'Redes Sociais', 6), (7, 0.1, 'Loja Física', 7), (8, 0.15, 'Online', 8),
  (9, 0.3, 'Feiras e Eventos', 9), (10, 0.25, 'E-mail Marketing', 10),
  (11, 0.2, 'Online', 11), (12, 0.25, 'Loja Física', 12), (13, 0.1, 'Redes Sociais', 13),
  (14, 0.15, 'E-mail Marketing', 14), (15, 0.3, 'Feiras e Eventos', 15),
  (16, 0.2, 'Loja Física', 16), (17, 0.1, 'E-mail Marketing', 17), (18, 0.15, 'Redes Sociais', 18),
  (19, 0.3, 'Feiras e Eventos', 19), (20, 0.25, 'Online', 20),
  (21, 0.2, 'Feiras e Eventos', 21), (22, 0.25, 'Online', 22), (23, 0.1, 'Loja Física', 23),
  (24, 0.15, 'E-mail Marketing', 24), (25, 0.3, 'Redes Sociais', 25),
  (26, 0.2, 'Feiras e Eventos', 26), (27, 0.1, 'Online', 27), (28, 0.15, 'Loja Física', 28),
  (29, 0.3, 'E-mail Marketing', 29), (30, 0.25, 'Redes Sociais', 30),
  (31, 0.2, 'Feiras e Eventos', 31), (32, 0.25, 'Loja Física', 32), (33, 0.1, 'Online', 33),
  (34, 0.15, 'Redes Sociais', 34), (35, 0.3, 'E-mail Marketing', 35),
  (36, 0.2, 'Loja Física', 36), (37, 0.1, 'E-mail Marketing', 37), (38, 0.15, 'Redes Sociais', 38),
  (39, 0.3, 'Feiras e Eventos', 39), (40, 0.25, 'Online', 40),
  (41, 0.2, 'Feiras e Eventos', 41), (42, 0.25, 'Online', 42), (43, 0.1, 'Loja Física', 43),
  (44, 0.15, 'E-mail Marketing', 44), (45, 0.3, 'Redes Sociais', 45),
  (46, 0.2, 'Feiras e Eventos', 46), (47, 0.1, 'Online', 47), (48, 0.15, 'Loja Física', 48),
  (49, 0.3, 'E-mail Marketing', 49), (50, 0.25, 'Redes Sociais', 50),
  (51, 0.2, 'Feiras e Eventos', 51), (52, 0.25, 'Loja Física', 52), (53, 0.1, 'Online', 53),
  (54, 0.15, 'Redes Sociais', 54), (55, 0.3, 'E-mail Marketing', 55),
  (56, 0.2, 'Loja Física', 56), (57, 0.1, 'E-mail Marketing', 57), (58, 0.15, 'Redes Sociais', 58),
  (59, 0.3, 'Feiras e Eventos', 59), (60, 0.25, 'Online', 60),
  (61, 0.2, 'Feiras e Eventos', 61), (62, 0.25, 'Online', 62), (63, 0.1, 'Loja Física', 63),
  (64, 0.15, 'E-mail Marketing', 64), (65, 0.3, 'Redes Sociais', 65),
  (66, 0.2, 'Feiras e Eventos', 66), (67, 0.1, 'Online', 67), (68, 0.15, 'Loja Física', 68),
  (69, 0.3, 'E-mail Marketing', 69), (70, 0.25, 'Redes Sociais', 70),
  (71, 0.2, 'Feiras e Eventos', 71), (72, 0.25, 'Loja Física', 72), (73, 0.1, 'Online', 73),
  (74, 0.15, 'Redes Sociais', 74), (75, 0.3, 'E-mail Marketing', 75),
  (76, 0.2, 'Loja Física', 76), (77, 0.1, 'E-mail Marketing', 77), (78, 0.15, 'Redes Sociais', 78),
  (79, 0.3, 'Feiras e Eventos', 79), (80, 0.25, 'Online', 80),
  (81, 0.2, 'Feiras e Eventos', 81), (82, 0.25, 'Online', 82), (83, 0.1, 'Loja Física', 83),
  (84, 0.15, 'E-mail Marketing', 84), (85, 0.3, 'Redes Sociais', 85),
  (86, 0.2, 'Feiras e Eventos', 86), (87, 0.1, 'Online', 87), (88, 0.15, 'Loja Física', 88),
  (89, 0.3, 'E-mail Marketing', 89), (90, 0.25, 'Redes Sociais', 90),
  (91, 0.2, 'Feiras e Eventos', 91), (92, 0.25, 'Loja Física', 92), (93, 0.1, 'Online', 93),
  (94, 0.15, 'Redes Sociais', 94), (95, 0.3, 'E-mail Marketing', 95),
  (96, 0.2, 'Loja Física', 96), (97, 0.1, 'E-mail Marketing', 97), (98, 0.15, 'Redes Sociais', 98),
  (99, 0.3, 'Feiras e Eventos', 99), (100, 0.25, 'Online', 100),
  (101, 0.2, 'Feiras e Eventos', 101), (102, 0.25, 'Online', 102), (103, 0.1, 'Loja Física', 103),
  (104, 0.15, 'E-mail Marketing', 104), (105, 0.3, 'Redes Sociais', 105),
  (106, 0.2, 'Feiras e Eventos', 106), (107, 0.1, 'Online', 107), (108, 0.15, 'Loja Física', 108),
  (109, 0.3, 'E-mail Marketing', 109), (110, 0.25, 'Redes Sociais', 110),
  (111, 0.2, 'Feiras e Eventos', 111), (112, 0.25, 'Loja Física', 112), (113, 0.1, 'Online', 113),
  (114, 0.15, 'Redes Sociais', 114), (115, 0.3, 'E-mail Marketing', 115),
  (116, 0.2, 'Loja Física', 116), (117, 0.1, 'E-mail Marketing', 117), (118, 0.15, 'Redes Sociais', 118),
  (119, 0.3, 'Feiras e Eventos', 119), (120, 0.25, 'Online', 120),
  (121, 0.2, 'Feiras e Eventos', 121), (122, 0.25, 'Online', 122), (123, 0.1, 'Loja Física', 123),
  (124, 0.15, 'E-mail Marketing', 124), (125, 0.3, 'Redes Sociais', 125),
  (126, 0.2, 'Feiras e Eventos', 126), (127, 0.1, 'Online', 127), (128, 0.15, 'Loja Física', 128),
  (129, 0.3, 'E-mail Marketing', 129), (130, 0.25, 'Redes Sociais', 130),
  (131, 0.2, 'Feiras e Eventos', 131), (132, 0.25, 'Loja Física', 132), (133, 0.1, 'Online', 133),
  (134, 0.15, 'Redes Sociais', 134), (135, 0.3, 'E-mail Marketing', 135),
  (136, 0.2, 'Loja Física', 136), (137, 0.1, 'E-mail Marketing', 137), (138, 0.15, 'Redes Sociais', 138),
  (139, 0.3, 'Feiras e Eventos', 139), (140, 0.25, 'Online', 140),
  (141, 0.2, 'Feiras e Eventos', 141), (142, 0.25, 'Online', 142), (143, 0.1, 'Loja Física', 143),
  (144, 0.15, 'E-mail Marketing', 144), (145, 0.3, 'Redes Sociais', 145),
  (146, 0.2, 'Feiras e Eventos', 146), (147, 0.1, 'Online', 147), (148, 0.15, 'Loja Física', 148),
  (149, 0.3, 'E-mail Marketing', 149), (150, 0.2, 'Online', 150);


-- Inserção de dados aleatórios para a tabela EXCHANGE
INSERT INTO EXCHANGE (idExchange, type, date, product)
VALUES
  (1, 1, '2023-01-15', 1), (2, 2, '2023-02-20', 2), (3, 1, '2023-03-15', 3), (4, 2, '2023-04-20', 4),
  (5, 1, '2023-05-25', 5), (6, 1, '2023-06-01', 6), (7, 2, '2023-06-02', 7), (8, 1, '2023-06-03', 8),
  (9, 2, '2023-06-04', 9), (10, 1, '2023-06-05', 10),
  (11, 2, '2023-06-06', 11), (12, 1, '2023-06-07', 12), (13, 2, '2023-06-08', 13),
  (14, 1, '2023-06-09', 14), (15, 2, '2023-06-10', 15),
  (16, 1, '2023-06-11', 16), (17, 2, '2023-06-12', 17), (18, 1, '2023-06-13', 18),
  (19, 2, '2023-06-14', 19), (20, 1, '2023-06-15', 20),
  (21, 2, '2023-06-16', 21), (22, 1, '2023-06-17', 22), (23, 2, '2023-06-18', 23),
  (24, 1, '2023-06-19', 24), (25, 2, '2023-06-20', 25),
  (26, 1, '2023-06-21', 26), (27, 2, '2023-06-22', 27), (28, 1, '2023-06-23', 28),
  (29, 2, '2023-06-24', 29), (30, 1, '2023-06-25', 30),
  (31, 2, '2023-06-26', 31), (32, 1, '2023-06-27', 32), (33, 2, '2023-06-28', 33),
  (34, 1, '2023-06-29', 34), (35, 2, '2023-06-30', 35),
  (36, 1, '2023-07-01', 36), (37, 2, '2023-07-02', 37), (38, 1, '2023-07-03', 38),
  (39, 2, '2023-07-04', 39), (40, 1, '2023-07-05', 40),
  (41, 2, '2023-07-06', 41), (42, 1, '2023-07-07', 42), (43, 2, '2023-07-08', 43),
  (44, 1, '2023-07-09', 44), (45, 2, '2023-07-10', 45),
  (46, 1, '2023-07-11', 46), (47, 2, '2023-07-12', 47), (48, 1, '2023-07-13', 48),
  (49, 2, '2023-07-14', 49), (50, 1, '2023-07-15', 50),
  (51, 2, '2023-07-16', 51), (52, 1, '2023-07-17', 52), (53, 2, '2023-07-18', 53),
  (54, 1, '2023-07-19', 54), (55, 2, '2023-07-20', 55),
  (56, 1, '2023-07-21', 56), (57, 2, '2023-07-22', 57), (58, 1, '2023-07-23', 58),
  (59, 2, '2023-07-24', 59), (60, 1, '2023-07-25', 60),
  (61, 2, '2023-07-26', 61), (62, 1, '2023-07-27', 62), (63, 2, '2023-07-28', 63),
  (64, 1, '2023-07-29', 64), (65, 2, '2023-07-30', 65),
  (66, 1, '2023-07-31', 66), (67, 2, '2023-08-01', 67), (68, 1, '2023-08-02', 68),
  (69, 2, '2023-08-03', 69), (70, 1, '2023-08-04', 70),
  (71, 2, '2023-08-05', 71), (72, 1, '2023-08-06', 72), (73, 2, '2023-08-07', 73),
  (74, 1, '2023-08-08', 74), (75, 2, '2023-08-09', 75),
  (76, 1, '2023-08-10', 76), (77, 2, '2023-08-11', 77), (78, 1, '2023-08-12', 78),
  (79, 2, '2023-08-13', 79), (80, 1, '2023-08-14', 80),
  (81, 2, '2023-08-15', 81), (82, 1, '2023-08-16', 82), (83, 2, '2023-08-17', 83),
  (84, 1, '2023-08-18', 84), (85, 2, '2023-08-19', 85),
  (86, 1, '2023-08-20', 86), (87, 2, '2023-08-21', 87), (88, 1, '2023-08-22', 88),
  (89, 2, '2023-08-23', 89), (90, 1, '2023-08-24', 90),
  (91, 2, '2023-08-25', 91), (92, 1, '2023-08-26', 92), (93, 2, '2023-08-27', 93),
  (94, 1, '2023-08-28', 94), (95, 2, '2023-08-29', 95),
  (96, 1, '2023-08-30', 96), (97, 2, '2023-08-31', 97), (98, 1, '2023-09-01', 98),
  (99, 2, '2023-09-02', 99), (100, 1, '2023-09-03', 100),
  (101, 2, '2023-09-04', 101), (102, 1, '2023-09-05', 102), (103, 2, '2023-09-06', 103),
  (104, 1, '2023-09-07', 104), (105, 2, '2023-09-08', 105),
  (106, 1, '2023-09-09', 106), (107, 2, '2023-09-10', 107), (108, 1, '2023-09-11', 108),
  (109, 2, '2023-09-12', 109), (110, 1, '2023-09-13', 110),
  (111, 2, '2023-09-14', 111), (112, 1, '2023-09-15', 112), (113, 2, '2023-09-16', 113),
  (114, 1, '2023-09-17', 114), (115, 2, '2023-09-18', 115),
  (116, 1, '2023-09-19', 116), (117, 2, '2023-09-20', 117), (118, 1, '2023-09-21', 118),
  (119, 2, '2023-09-22', 119), (120, 1, '2023-09-23', 120),
  (121, 2, '2023-09-24', 121), (122, 1, '2023-09-25', 122), (123, 2, '2023-09-26', 123),
  (124, 1, '2023-09-27', 124), (125, 2, '2023-09-28', 125),
  (126, 1, '2023-09-29', 126), (127, 2, '2023-09-30', 127), (128, 1, '2023-10-01', 128),
  (129, 2, '2023-10-02', 129), (130, 1, '2023-10-03', 130),
  (131, 2, '2023-10-04', 131), (132, 1, '2023-10-05', 132), (133, 2, '2023-10-06', 133),
  (134, 1, '2023-10-07', 134), (135, 2, '2023-10-08', 135),
  (136, 1, '2023-10-09', 136), (137, 2, '2023-10-10', 137), (138, 1, '2023-10-11', 138),
  (139, 2, '2023-10-12', 139), (140, 1, '2023-10-13', 140),
  (141, 2, '2023-10-14', 141), (142, 1, '2023-10-15', 142), (143, 2, '2023-10-16', 143),
  (144, 1, '2023-10-17', 144), (145, 2, '2023-10-18', 145),
  (146, 1, '2023-10-19', 146), (147, 2, '2023-10-20', 147), (148, 1, '2023-10-21', 148),
  (149, 2, '2023-10-22', 149), (150, 1, '2023-10-23', 150);
